track_id,time,lat,lon
T0001,10:05,39.934649,32.883644
T0001,10:10,39.934689,32.883646
T0001,10:15,39.934678,32.883671
T0001,10:20,39.934669,32.883648
T0001,10:25,39.934690,32.883613
T0001,10:30,39.934647,32.883616
T0001,10:35,39.934672,32.883630
T0001,10:40,39.934680,32.883619
T0001,10:45,39.934663,32.883614
T0001,10:50,39.933115,32.863937
T0001,10:55,39.930338,32.844311
T0001,11:00,39.930306,32.844273
T0001,11:05,39.930270,32.844308
T0001,11:10,39.930313,32.844321
T0001,11:15,39.930323,32.844333
T0001,11:20,39.930322,32.844361
T0001,11:25,39.930313,32.844326
T0001,11:30,39.930319,32.844326
T0001,11:35,39.930291,32.844299
T0001,11:40,39.930315,32.844317
T0001,11:45,39.930323,32.844335
T0001,11:50,39.930289,32.844321
T0001,11:55,39.930315,32.844338
T0001,12:00,39.930300,32.844309
T0001,12:05,39.930312,32.844319
T0002,12:40,39.907638,32.708726
T0002,12:45,39.907630,32.708711
T0002,12:50,39.907657,32.708724
T0002,12:55,39.907655,32.708736
T0002,13:00,39.907641,32.708725
T0002,13:05,39.907633,32.708735
T0002,13:10,39.907647,32.708736
T0002,13:15,39.907646,32.708753
T0002,13:20,39.907654,32.708736
T0002,13:25,39.907658,32.708734
T0002,13:30,39.907632,32.708682
T0002,13:35,39.907641,32.708732
T0002,13:40,39.907642,32.708705
T0002,13:45,39.907652,32.708737
T0002,13:50,39.907650,32.708702
T0002,13:55,39.907639,32.708720
T0002,14:00,39.912133,32.724256
T0002,14:05,39.916630,32.739710
T0002,14:10,39.921122,32.755210
T0002,14:15,39.925597,32.770683
T0002,14:20,39.930068,32.786175
T0002,14:25,39.934568,32.801701
T0002,14:30,39.939060,32.817168
T0002,14:35,39.944250,32.832259
T0002,14:40,39.950039,32.847015
T0003,10:05,39.930443,32.845377
T0003,10:10,39.930410,32.845417
T0003,10:15,39.930422,32.845388
T0003,10:20,39.930419,32.845408
T0003,10:25,39.930421,32.845382
T0003,10:30,39.930431,32.845356
T0003,10:35,39.930434,32.845388
T0003,10:40,39.930415,32.845355
T0003,10:45,39.930430,32.845375
T0003,10:50,39.930427,32.845390
T0003,10:55,39.930401,32.845373
T0003,11:00,39.930442,32.845380
T0003,11:05,39.930411,32.845380
T0003,11:10,39.930439,32.845371
T0003,11:15,39.930414,32.845376
T0003,11:20,39.930437,32.845367
T0003,11:25,39.930427,32.845399
T0003,11:30,39.930419,32.845382
T0003,11:35,39.930443,32.845435
T0003,11:40,39.930424,32.845383
T0003,11:45,39.930435,32.845365
T0003,11:50,39.930425,32.845390
T0003,11:55,39.930428,32.845377
T0003,12:00,39.930427,32.845419
T0003,12:05,39.930429,32.845382
T0004,12:40,39.944853,32.867083
T0004,12:45,39.944875,32.867063
T0004,12:50,39.944866,32.867091
T0004,12:55,39.944855,32.867103
T0004,13:00,39.944840,32.867053
T0004,13:05,39.944872,32.867095
T0004,13:10,39.944872,32.867083
T0004,13:15,39.944863,32.867086
T0004,13:20,39.944818,32.867112
T0004,13:25,39.944876,32.867094
T0004,13:30,39.944877,32.867071
T0004,13:35,39.944876,32.867060
T0004,13:40,39.944859,32.867103
T0004,13:45,39.949812,32.847355
T0004,13:50,39.949805,32.847354
T0004,13:55,39.949824,32.847349
T0004,14:00,39.949814,32.847310
T0004,14:05,39.949788,32.847313
T0004,14:10,39.949780,32.847322
T0004,14:15,39.949776,32.847335
T0004,14:20,39.949805,32.847329
T0004,14:25,39.949825,32.847341
T0004,14:30,39.949815,32.847360
T0004,14:35,39.949801,32.847340
T0004,14:40,39.949796,32.847337
T0005,13:25,39.917989,32.884526
T0005,13:30,39.918011,32.884536
T0005,13:35,39.918006,32.884501
T0005,13:40,39.906247,32.883002
T0005,13:45,39.906238,32.882995
T0005,13:50,39.906231,32.882975
T0005,13:55,39.906239,32.882987
T0005,14:00,39.906238,32.882984
T0005,14:05,39.906241,32.883008
T0005,14:10,39.906219,32.882969
T0005,14:15,39.906231,32.882978
T0005,14:20,39.906234,32.882988
T0005,14:25,39.906270,32.882987
T0005,14:30,39.906206,32.882959
T0005,14:35,39.906254,32.882961
T0005,14:40,39.906231,32.882998
T0005,14:45,39.906243,32.883031
T0005,14:50,39.906241,32.882960
T0005,14:55,39.906243,32.882974
T0005,15:00,39.906238,32.882969
T0005,15:05,39.906214,32.882975
T0005,15:10,39.906208,32.882970
T0005,15:15,39.906280,32.883000
T0005,15:20,39.906245,32.882990
T0005,15:25,39.906238,32.882978
T0006,10:30,39.852025,32.866372
T0006,10:35,39.852046,32.866383
T0006,10:40,39.852056,32.866362
T0006,10:45,39.852076,32.866391
T0006,10:50,39.852047,32.866372
T0006,10:55,39.852061,32.866366
T0006,11:00,39.852043,32.866383
T0006,11:05,39.852062,32.866359
T0006,11:10,39.852049,32.866397
T0006,11:15,39.852062,32.866414
T0006,11:20,39.852069,32.866374
T0006,11:25,39.852042,32.866385
T0006,11:30,39.852048,32.866377
T0006,11:35,39.852057,32.866366
T0006,11:40,39.852066,32.866368
T0006,11:45,39.852051,32.866339
T0006,11:50,39.852063,32.866375
T0006,11:55,39.852057,32.866375
T0006,12:00,39.852081,32.866388
T0006,12:05,39.863241,32.857851
T0006,12:10,39.874452,32.849261
T0006,12:15,39.885637,32.840716
T0006,12:20,39.896818,32.832205
T0006,12:25,39.908206,32.824054
T0006,12:30,39.919800,32.816524
T0007,13:45,39.913548,32.822491
T0007,13:50,39.913569,32.822442
T0007,13:55,39.913552,32.822469
T0007,14:00,39.906059,32.837876
T0007,14:05,39.903077,32.856325
T0007,14:10,39.903053,32.856306
T0007,14:15,39.903082,32.856333
T0007,14:20,39.903074,32.856301
T0007,14:25,39.903084,32.856340
T0007,14:30,39.903094,32.856343
T0007,14:35,39.903060,32.856347
T0007,14:40,39.903066,32.856346
T0007,14:45,39.903068,32.856348
T0007,14:50,39.903058,32.856331
T0007,14:55,39.903051,32.856329
T0007,15:00,39.903059,32.856334
T0007,15:05,39.903063,32.856322
T0007,15:10,39.903070,32.856361
T0007,15:15,39.903075,32.856360
T0007,15:20,39.903055,32.856335
T0007,15:25,39.903062,32.856333
T0007,15:30,39.903074,32.856309
T0007,15:35,39.903090,32.856347
T0007,15:40,39.903068,32.856299
T0007,15:45,39.903068,32.856326
T0008,13:35,39.863789,32.790216
T0008,13:40,39.863798,32.790221
T0008,13:45,39.863812,32.790207
T0008,13:50,39.863763,32.790198
T0008,13:55,39.863784,32.790173
T0008,14:00,39.863791,32.790160
T0008,14:05,39.863830,32.790243
T0008,14:10,39.863782,32.790226
T0008,14:15,39.863813,32.790206
T0008,14:20,39.863785,32.790214
T0008,14:25,39.863790,32.790226
T0008,14:30,39.863773,32.790190
T0008,14:35,39.863802,32.790220
T0008,14:40,39.863799,32.790215
T0008,14:45,39.863815,32.790190
T0008,14:50,39.863821,32.790236
T0008,14:55,39.863790,32.790183
T0008,15:00,39.868665,32.803337
T0008,15:05,39.873528,32.816490
T0008,15:10,39.878366,32.829638
T0008,15:15,39.883225,32.842762
T0008,15:20,39.883236,32.842767
T0008,15:25,39.888078,32.855905
T0008,15:30,39.892965,32.869025
T0008,15:35,39.898636,32.881619
T0009,10:35,39.917883,32.746945
T0009,10:40,39.917882,32.746947
T0009,10:45,39.917862,32.746975
T0009,10:50,39.917896,32.746959
T0009,10:55,39.917904,32.746959
T0009,11:00,39.917881,32.746944
T0009,11:05,39.917874,32.746945
T0009,11:10,39.917859,32.746981
T0009,11:15,39.917872,32.746940
T0009,11:20,39.917875,32.746950
T0009,11:25,39.917886,32.746961
T0009,11:30,39.917891,32.746982
T0009,11:35,39.917857,32.746934
T0009,11:40,39.917871,32.746943
T0009,11:45,39.917897,32.746945
T0009,11:50,39.917860,32.746956
T0009,11:55,39.917900,32.746936
T0009,12:00,39.919860,32.762421
T0009,12:05,39.921805,32.777951
T0009,12:10,39.921825,32.777913
T0009,12:15,39.923806,32.793434
T0009,12:20,39.925750,32.808931
T0009,12:25,39.927737,32.824446
T0009,12:30,39.930938,32.839410
T0009,12:35,39.936056,32.853615
T0010,13:05,39.923514,32.865216
T0010,13:10,39.923536,32.865217
T0010,13:15,39.923499,32.865242
T0010,13:20,39.923516,32.865239
T0010,13:25,39.923527,32.865269
T0010,13:30,39.923512,32.865219
T0010,13:35,39.919871,32.873704
T0010,13:40,39.924780,32.866703
T0010,13:45,39.924791,32.866696
T0010,13:50,39.924780,32.866701
T0010,13:55,39.924799,32.866715
T0010,14:00,39.921909,32.874577
T0010,14:05,39.919337,32.866286
T0010,14:10,39.919356,32.866331
T0010,14:15,39.919357,32.866290
T0010,14:20,39.919347,32.866333
T0010,14:25,39.919342,32.866305
T0010,14:30,39.925919,32.870894
T0010,14:35,39.918681,32.872063
T0010,14:40,39.918667,32.872002
T0010,14:45,39.918691,32.872029
T0010,14:50,39.918685,32.872034
T0010,14:55,39.923245,32.864937
T0010,15:00,39.923255,32.864940
T0010,15:05,39.923238,32.864913
T0011,11:30,39.915144,32.845123
T0011,11:35,39.915186,32.845165
T0011,11:40,39.915175,32.845150
T0011,11:45,39.915169,32.845120
T0011,11:50,39.915171,32.845153
T0011,11:55,39.915151,32.845136
T0011,12:00,39.915189,32.845139
T0011,12:05,39.915170,32.845136
T0011,12:10,39.915154,32.845148
T0011,12:15,39.915164,32.845153
T0011,12:20,39.915175,32.845152
T0011,12:25,39.915175,32.845127
T0011,12:30,39.915180,32.845143
T0011,12:35,39.915162,32.845134
T0011,12:40,39.915163,32.845144
T0011,12:45,39.915189,32.845131
T0011,12:50,39.915179,32.845151
T0011,12:55,39.915174,32.845168
T0011,13:00,39.915168,32.845153
T0011,13:05,39.915170,32.845128
T0011,13:10,39.915163,32.845127
T0011,13:15,39.915169,32.845169
T0011,13:20,39.915169,32.845155
T0011,13:25,39.915183,32.845134
T0011,13:30,39.915176,32.845139
T0012,10:35,40.018127,32.855865
T0012,10:40,40.018143,32.855823
T0012,10:45,40.018130,32.855865
T0012,10:50,40.018111,32.855858
T0012,10:55,40.018137,32.855879
T0012,11:00,40.018103,32.855866
T0012,11:05,40.018141,32.855881
T0012,11:10,40.018101,32.855840
T0012,11:15,40.018106,32.855875
T0012,11:20,40.018112,32.855824
T0012,11:25,40.018121,32.855869
T0012,11:30,40.018094,32.855888
T0012,11:35,40.018111,32.855854
T0012,11:40,40.018102,32.855871
T0012,11:45,40.004254,32.858802
T0012,11:50,39.990263,32.855747
T0012,11:55,39.990254,32.855718
T0012,12:00,39.990252,32.855713
T0012,12:05,39.990250,32.855707
T0012,12:10,39.968913,32.846997
T0012,12:15,39.968902,32.846944
T0012,12:20,39.968920,32.846970
T0012,12:25,39.968920,32.846983
T0012,12:30,39.952556,32.846902
T0012,12:35,39.936046,32.853090
T0013,13:30,39.903306,33.000317
T0013,13:35,39.903256,33.000332
T0013,13:40,39.903276,33.000295
T0013,13:45,39.903246,33.000345
T0013,13:50,39.903274,33.000321
T0013,13:55,39.903241,33.000321
T0013,14:00,39.903276,33.000314
T0013,14:05,39.903245,33.000334
T0013,14:10,39.903262,33.000322
T0013,14:15,39.903276,33.000320
T0013,14:20,39.903281,33.000303
T0013,14:25,39.903259,33.000260
T0013,14:30,39.903283,33.000334
T0013,14:35,39.903298,33.000267
T0013,14:40,39.903250,33.000338
T0013,14:45,39.903295,33.000310
T0013,14:50,39.900979,32.983180
T0013,14:55,39.898657,32.966043
T0013,15:00,39.898670,32.966027
T0013,15:05,39.896347,32.948912
T0013,15:10,39.894061,32.931766
T0013,15:15,39.891795,32.914637
T0013,15:20,39.889475,32.897502
T0013,15:25,39.884072,32.881756
T0013,15:30,39.877880,32.866316
T0014,10:30,39.940933,32.825654
T0014,10:35,39.940935,32.825675
T0014,10:40,39.940945,32.825673
T0014,10:45,39.940911,32.825647
T0014,10:50,39.940948,32.825672
T0014,10:55,39.940930,32.825685
T0014,11:00,39.940921,32.825687
T0014,11:05,39.940917,32.825663
T0014,11:10,39.940913,32.825661
T0014,11:15,39.940943,32.825672
T0014,11:20,39.930275,32.820547
T0014,11:25,39.919596,32.815528
T0014,11:30,39.919596,32.815497
T0014,11:35,39.919618,32.815507
T0014,11:40,39.919608,32.815471
T0014,11:45,39.919606,32.815513
T0014,11:50,39.919609,32.815514
T0014,11:55,39.919588,32.815509
T0014,12:00,39.919609,32.815505
T0014,12:05,39.919582,32.815486
T0014,12:10,39.919593,32.815502
T0014,12:15,39.919585,32.815478
T0014,12:20,39.919594,32.815485
T0014,12:25,39.919625,32.815517
T0014,12:30,39.919606,32.815503
T0015,13:35,40.054133,32.905065
T0015,13:40,40.054143,32.905035
T0015,13:45,40.054122,32.905005
T0015,13:50,40.054126,32.905030
T0015,13:55,40.054132,32.905009
T0015,14:00,40.054133,32.905021
T0015,14:05,40.054120,32.905032
T0015,14:10,40.054140,32.905026
T0015,14:15,40.054136,32.905014
T0015,14:20,40.054140,32.905008
T0015,14:25,40.054135,32.905030
T0015,14:30,40.054121,32.905032
T0015,14:35,40.054110,32.905004
T0015,14:40,40.054115,32.905034
T0015,14:45,40.054119,32.905046
T0015,14:50,40.054147,32.905027
T0015,14:55,40.054116,32.905043
T0015,15:00,40.038205,32.894121
T0015,15:05,40.022249,32.883206
T0015,15:10,40.006299,32.872302
T0015,15:15,39.990373,32.861388
T0015,15:20,39.974415,32.850429
T0015,15:25,39.958469,32.839550
T0015,15:30,39.942696,32.828210
T0015,15:35,39.927266,32.816136
T0016,10:40,39.942656,32.848493
T0016,10:45,39.942675,32.848509
T0016,10:50,39.942671,32.848497
T0016,10:55,39.942680,32.848479
T0016,11:00,39.942652,32.848461
T0016,11:05,39.942652,32.848468
T0016,11:10,39.936328,32.845140
T0016,11:15,39.943288,32.844579
T0016,11:20,39.943300,32.844607
T0016,11:25,39.943291,32.844578
T0016,11:30,39.943317,32.844568
T0016,11:35,39.943298,32.844605
T0016,11:40,39.937249,32.848310
T0016,11:45,39.937249,32.848311
T0016,11:50,39.937240,32.848307
T0016,11:55,39.937235,32.848290
T0016,12:00,39.937239,32.848303
T0016,12:05,39.937231,32.848311
T0016,12:10,39.943253,32.844427
T0016,12:15,39.936682,32.846491
T0016,12:20,39.936668,32.846508
T0016,12:25,39.936635,32.846502
T0016,12:30,39.936657,32.846522
T0016,12:35,39.942818,32.843067
T0016,12:40,39.939184,32.850260
T0017,12:15,39.954512,32.896358
T0017,12:20,39.954524,32.896356
T0017,12:25,39.954515,32.896340
T0017,12:30,39.954515,32.896338
T0017,12:35,39.954511,32.896351
T0017,12:40,39.954536,32.896367
T0017,12:45,39.954542,32.896371
T0017,12:50,39.954525,32.896368
T0017,12:55,39.954520,32.896338
T0017,13:00,39.954521,32.896335
T0017,13:05,39.954524,32.896324
T0017,13:10,39.954518,32.896354
T0017,13:15,39.954535,32.896350
T0017,13:20,39.954512,32.896339
T0017,13:25,39.954525,32.896317
T0017,13:30,39.954505,32.896364
T0017,13:35,39.954536,32.896357
T0017,13:40,39.954529,32.896365
T0017,13:45,39.954497,32.896338
T0017,13:50,39.954518,32.896318
T0017,13:55,39.949548,32.883519
T0017,14:00,39.944591,32.870675
T0017,14:05,39.939661,32.857865
T0017,14:10,39.934660,32.845062
T0017,14:15,39.940752,32.835830
T0018,10:40,39.902760,32.880241
T0018,10:45,39.902786,32.880267
T0018,10:50,39.902788,32.880288
T0018,10:55,39.902791,32.880275
T0018,11:00,39.902791,32.880238
T0018,11:05,39.902779,32.880276
T0018,11:10,39.902797,32.880218
T0018,11:15,39.902800,32.880239
T0018,11:20,39.902807,32.880262
T0018,11:25,39.902806,32.880238
T0018,11:30,39.902772,32.880269
T0018,11:35,39.902795,32.880266
T0018,11:40,39.902803,32.880243
T0018,11:45,39.902812,32.880229
T0018,11:50,39.902779,32.880258
T0018,11:55,39.902785,32.880284
T0018,12:00,39.902819,32.880257
T0018,12:05,39.902796,32.880242
T0018,12:10,39.902801,32.880223
T0018,12:15,39.902803,32.880226
T0018,12:20,39.902800,32.880260
T0018,12:25,39.902767,32.880234
T0018,12:30,39.902807,32.880242
T0018,12:35,39.902804,32.880230
T0018,12:40,39.902789,32.880253
T0019,10:35,39.891512,32.694646
T0019,10:40,39.891520,32.694633
T0019,10:45,39.891511,32.694642
T0019,10:50,39.891532,32.694616
T0019,10:55,39.891496,32.694659
T0019,11:00,39.891508,32.694634
T0019,11:05,39.891486,32.694631
T0019,11:10,39.891524,32.694643
T0019,11:15,39.891512,32.694656
T0019,11:20,39.891528,32.694636
T0019,11:25,39.891494,32.694628
T0019,11:30,39.891511,32.694623
T0019,11:35,39.891506,32.694630
T0019,11:40,39.891484,32.694659
T0019,11:45,39.891514,32.694630
T0019,11:50,39.891504,32.694647
T0019,11:55,39.896272,32.712412
T0019,12:00,39.901067,32.730184
T0019,12:05,39.905823,32.747933
T0019,12:10,39.910605,32.765690
T0019,12:15,39.915374,32.783498
T0019,12:20,39.920177,32.801242
T0019,12:25,39.924929,32.818998
T0019,12:30,39.929707,32.836778
T0019,12:35,39.936185,32.853578
T0020,12:30,39.885705,32.823321
T0020,12:35,39.885698,32.823273
T0020,12:40,39.885721,32.823317
T0020,12:45,39.885700,32.823342
T0020,12:50,39.885707,32.823344
T0020,12:55,39.885694,32.823292
T0020,13:00,39.885703,32.823306
T0020,13:05,39.885722,32.823305
T0020,13:10,39.885716,32.823325
T0020,13:15,39.885710,32.823307
T0020,13:20,39.885712,32.823311
T0020,13:25,39.885688,32.823300
T0020,13:30,39.885716,32.823309
T0020,13:35,39.885699,32.823341
T0020,13:40,39.885716,32.823300
T0020,13:45,39.885722,32.823324
T0020,13:50,39.885718,32.823295
T0020,13:55,39.885713,32.823329
T0020,14:00,39.885714,32.823299
T0020,14:05,39.885713,32.823325
T0020,14:10,39.885718,32.823319
T0020,14:15,39.885708,32.823319
T0020,14:20,39.885717,32.823330
T0020,14:25,39.885729,32.823311
T0020,14:30,39.885713,32.823315
T0021,11:20,39.924690,32.820226
T0021,11:25,39.942730,32.834409
T0021,11:30,39.946384,32.861401
T0021,11:35,39.933061,32.882689
T0021,11:40,39.912089,32.883545
T0021,11:45,39.897790,32.863407
T0021,11:50,39.900064,32.836113
T0021,11:55,39.917364,32.820540
T0021,12:00,39.937775,32.827359
T0021,12:05,39.947186,32.851855
T0021,12:10,39.947141,32.851896
T0021,12:15,39.947153,32.851856
T0021,12:20,39.939108,32.877221
T0021,12:25,39.919147,32.885900
T0021,12:30,39.901069,32.871986
T0021,12:35,39.897247,32.844986
T0021,12:40,39.910401,32.823572
T0021,12:45,39.931445,32.822491
T0021,12:50,39.931431,32.822488
T0021,12:55,39.945856,32.842468
T0021,13:00,39.943727,32.869748
T0021,13:05,39.926507,32.885522
T0021,13:10,39.906097,32.878919
T0021,13:15,39.896545,32.854522
T0021,13:20,39.904402,32.829068
T0022,11:10,39.909571,32.876800
T0022,11:15,39.909561,32.876789
T0022,11:20,39.909574,32.876801
T0022,11:25,39.909582,32.876769
T0022,11:30,39.909557,32.876758
T0022,11:35,39.909547,32.876773
T0022,11:40,39.909567,32.876800
T0022,11:45,39.909550,32.876781
T0022,11:50,39.909563,32.876793
T0022,11:55,39.909581,32.876795
T0022,12:00,39.909545,32.876798
T0022,12:05,39.909564,32.876801
T0022,12:10,39.922358,32.881733
T0022,12:15,39.922342,32.881753
T0022,12:20,39.922377,32.881738
T0022,12:25,39.922368,32.881748
T0022,12:30,39.922380,32.881717
T0022,12:35,39.922367,32.881737
T0022,12:40,39.922356,32.881773
T0022,12:45,39.922361,32.881765
T0022,12:50,39.922372,32.881752
T0022,12:55,39.922381,32.881722
T0022,13:00,39.922371,32.881784
T0022,13:05,39.922371,32.881744
T0022,13:10,39.922374,32.881736
T0023,13:20,39.931409,32.807265
T0023,13:25,39.931414,32.807213
T0023,13:30,39.931416,32.807233
T0023,13:35,39.931390,32.807241
T0023,13:40,39.931409,32.807188
T0023,13:45,39.931388,32.807205
T0023,13:50,39.931400,32.807230
T0023,13:55,39.931408,32.807189
T0023,14:00,39.931383,32.807217
T0023,14:05,39.931418,32.807240
T0023,14:10,39.931389,32.807220
T0023,14:15,39.931401,32.807205
T0023,14:20,39.931416,32.807209
T0023,14:25,39.931408,32.807224
T0023,14:30,39.931428,32.807272
T0023,14:35,39.931402,32.807178
T0023,14:40,39.931412,32.807192
T0023,14:45,39.931404,32.807217
T0023,14:50,39.931404,32.807211
T0023,14:55,39.931413,32.807229
T0023,15:00,39.931393,32.807239
T0023,15:05,39.932824,32.821470
T0023,15:10,39.934231,32.835696
T0023,15:15,39.935643,32.849940
T0023,15:20,39.943111,32.856121
T0024,11:20,39.884893,32.911924
T0024,11:25,39.884937,32.911892
T0024,11:30,39.884916,32.911899
T0024,11:35,39.884901,32.911892
T0024,11:40,39.884913,32.911915
T0024,11:45,39.884917,32.911909
T0024,11:50,39.884907,32.911920
T0024,11:55,39.884897,32.911898
T0024,12:00,39.884930,32.911908
T0024,12:05,39.884916,32.911927
T0024,12:10,39.884890,32.911911
T0024,12:15,39.884915,32.911895
T0024,12:20,39.884904,32.911914
T0024,12:25,39.884892,32.911882
T0024,12:30,39.884929,32.911908
T0024,12:35,39.884920,32.911915
T0024,12:40,39.884913,32.911922
T0024,12:45,39.884900,32.911919
T0024,12:50,39.884876,32.911901
T0024,12:55,39.884904,32.911924
T0024,13:00,39.888417,32.895177
T0024,13:05,39.891918,32.878468
T0024,13:10,39.895452,32.861720
T0024,13:15,39.899592,32.845269
T0024,13:20,39.904445,32.829102
T0025,11:05,40.000320,32.921440
T0025,11:10,40.000336,32.921450
T0025,11:15,40.000319,32.921415
T0025,11:20,40.000310,32.921414
T0025,11:25,40.000325,32.921433
T0025,11:30,40.000351,32.921394
T0025,11:35,40.000331,32.921422
T0025,11:40,40.000334,32.921435
T0025,11:45,40.000336,32.921461
T0025,11:50,40.000324,32.921424
T0025,11:55,40.000304,32.921423
T0025,12:00,40.000321,32.921423
T0025,12:05,40.000310,32.921432
T0025,12:10,40.000303,32.921440
T0025,12:15,40.000336,32.921447
T0025,12:20,40.000316,32.921428
T0025,12:25,40.000303,32.921401
T0025,12:30,39.988319,32.914029
T0025,12:35,39.976343,32.906647
T0025,12:40,39.964325,32.899259
T0025,12:45,39.952306,32.891863
T0025,12:50,39.940331,32.884493
T0025,12:55,39.928331,32.877108
T0025,13:00,39.916304,32.869694
T0025,13:05,39.906686,32.876477
T0026,12:50,39.949335,32.841897
T0026,12:55,39.949311,32.841878
T0026,13:00,39.949323,32.841882
T0026,13:05,39.949338,32.841850
T0026,13:10,39.949347,32.841867
T0026,13:15,39.949328,32.841893
T0026,13:20,39.949343,32.841846
T0026,13:25,39.942488,32.823421
T0026,13:30,39.942464,32.823437
T0026,13:35,39.942476,32.823395
T0026,13:40,39.942495,32.823414
T0026,13:45,39.942493,32.823430
T0026,13:50,39.942483,32.823405
T0026,13:55,39.942479,32.823409
T0026,14:00,39.942477,32.823433
T0026,14:05,39.942495,32.823406
T0026,14:10,39.942470,32.823391
T0026,14:15,39.942478,32.823416
T0026,14:20,39.942493,32.823422
T0026,14:25,39.942482,32.823414
T0026,14:30,39.942489,32.823437
T0026,14:35,39.942477,32.823440
T0026,14:40,39.942506,32.823428
T0026,14:45,39.942479,32.823415
T0026,14:50,39.942483,32.823417
T0027,11:20,39.817250,32.980203
T0027,11:25,39.817248,32.980223
T0027,11:30,39.817281,32.980219
T0027,11:35,39.817244,32.980212
T0027,11:40,39.817239,32.980202
T0027,11:45,39.817272,32.980213
T0027,11:50,39.817262,32.980230
T0027,11:55,39.817259,32.980218
T0027,12:00,39.817239,32.980227
T0027,12:05,39.817242,32.980196
T0027,12:10,39.817260,32.980182
T0027,12:15,39.817253,32.980223
T0027,12:20,39.817250,32.980197
T0027,12:25,39.817227,32.980223
T0027,12:30,39.817242,32.980207
T0027,12:35,39.817252,32.980226
T0027,12:40,39.828737,32.961828
T0027,12:45,39.840220,32.943423
T0027,12:50,39.851711,32.925096
T0027,12:55,39.863197,32.906604
T0027,13:00,39.874696,32.888258
T0027,13:05,39.874695,32.888279
T0027,13:10,39.886182,32.869848
T0027,13:15,39.896977,32.850949
T0027,13:20,39.904325,32.829239
T0028,12:15,39.941858,32.799805
T0028,12:20,39.941866,32.799849
T0028,12:25,39.941862,32.799813
T0028,12:30,39.941864,32.799819
T0028,12:35,39.941853,32.799850
T0028,12:40,39.941876,32.799818
T0028,12:45,39.941864,32.799800
T0028,12:50,39.941860,32.799824
T0028,12:55,39.941857,32.799823
T0028,13:00,39.941850,32.799856
T0028,13:05,39.941861,32.799790
T0028,13:10,39.941860,32.799797
T0028,13:15,39.941858,32.799813
T0028,13:20,39.941867,32.799821
T0028,13:25,39.941854,32.799811
T0028,13:30,39.941877,32.799805
T0028,13:35,39.941844,32.799791
T0028,13:40,39.941869,32.799807
T0028,13:45,39.941876,32.799806
T0028,13:50,39.941881,32.799813
T0028,13:55,39.941874,32.799826
T0028,14:00,39.940727,32.817730
T0028,14:05,39.939601,32.835703
T0028,14:10,39.938451,32.853577
T0028,14:15,39.950865,32.856736
T0029,11:05,39.960410,32.928595
T0029,11:10,39.960444,32.928623
T0029,11:15,39.960383,32.928634
T0029,11:20,39.960417,32.928605
T0029,11:25,39.960411,32.928617
T0029,11:30,39.960426,32.928607
T0029,11:35,39.960424,32.928621
T0029,11:40,39.960431,32.928597
T0029,11:45,39.960430,32.928585
T0029,11:50,39.960399,32.928613
T0029,11:55,39.960416,32.928630
T0029,12:00,39.960401,32.928589
T0029,12:05,39.960429,32.928642
T0029,12:10,39.960418,32.928581
T0029,12:15,39.960397,32.928602
T0029,12:20,39.960387,32.928587
T0029,12:25,39.960426,32.928607
T0029,12:30,39.960413,32.928620
T0029,12:35,39.960414,32.928619
T0029,12:40,39.960411,32.928600
T0029,12:45,39.950604,32.916276
T0029,12:50,39.940786,32.903953
T0029,12:55,39.930957,32.891654
T0029,13:00,39.918883,32.883538
T0029,13:05,39.906598,32.875867
T0030,12:50,39.934616,32.874654
T0030,12:55,39.934623,32.874671
T0030,13:00,39.934627,32.874636
T0030,13:05,39.934618,32.874644
T0030,13:10,39.934612,32.874646
T0030,13:15,39.934638,32.874660
T0030,13:20,39.934612,32.874628
T0030,13:25,39.934622,32.874657
T0030,13:30,39.934611,32.874631
T0030,13:35,39.934611,32.874644
T0030,13:40,39.934626,32.874658
T0030,13:45,39.934625,32.874649
T0030,13:50,39.934614,32.874669
T0030,13:55,39.934636,32.874650
T0030,14:00,39.934600,32.874626
T0030,14:05,39.934594,32.874634
T0030,14:10,39.934629,32.874650
T0030,14:15,39.934588,32.874665
T0030,14:20,39.934601,32.874638
T0030,14:25,39.934612,32.874665
T0030,14:30,39.934607,32.874643
T0030,14:35,39.934599,32.874649
T0030,14:40,39.934612,32.874666
T0030,14:45,39.934625,32.874649
T0030,14:50,39.934617,32.874638
T0031,10:35,39.928551,32.868529
T0031,10:40,39.928611,32.868524
T0031,10:45,39.928560,32.868522
T0031,10:50,39.928594,32.868547
T0031,10:55,39.928589,32.868517
T0031,11:00,39.928567,32.868540
T0031,11:05,39.928569,32.868496
T0031,11:10,39.928586,32.868500
T0031,11:15,39.928576,32.868500
T0031,11:20,39.928602,32.868527
T0031,11:25,39.928590,32.868539
T0031,11:30,39.928575,32.868528
T0031,11:35,39.928576,32.868531
T0031,11:40,39.928600,32.868555
T0031,11:45,39.928570,32.868548
T0031,11:50,39.928587,32.868526
T0031,11:55,39.928595,32.868530
T0031,12:00,39.928586,32.868519
T0031,12:05,39.928564,32.868529
T0031,12:10,39.928588,32.868534
T0031,12:15,39.928594,32.868537
T0031,12:20,39.928582,32.868531
T0031,12:25,39.928586,32.868547
T0031,12:30,39.928589,32.868535
T0031,12:35,39.928583,32.868531
T0032,12:10,39.868754,32.877973
T0032,12:15,39.868778,32.877996
T0032,12:20,39.868758,32.878009
T0032,12:25,39.868772,32.878003
T0032,12:30,39.868728,32.877995
T0032,12:35,39.868757,32.877986
T0032,12:40,39.868757,32.878010
T0032,12:45,39.868765,32.877995
T0032,12:50,39.868772,32.878009
T0032,12:55,39.868781,32.878005
T0032,13:00,39.868772,32.878004
T0032,13:05,39.868763,32.877982
T0032,13:10,39.868762,32.878025
T0032,13:15,39.868760,32.877996
T0032,13:20,39.868721,32.877982
T0032,13:25,39.868745,32.878017
T0032,13:30,39.868780,32.877972
T0032,13:35,39.868762,32.877946
T0032,13:40,39.868736,32.877977
T0032,13:45,39.880080,32.875177
T0032,13:50,39.891414,32.872344
T0032,13:55,39.891450,32.872357
T0032,14:00,39.902760,32.869504
T0032,14:05,39.914064,32.868318
T0032,14:10,39.925363,32.871356
T0033,12:00,39.971122,32.861398
T0033,12:05,39.971100,32.861426
T0033,12:10,39.971101,32.861409
T0033,12:15,39.971099,32.861411
T0033,12:20,39.971112,32.861417
T0033,12:25,39.971127,32.861447
T0033,12:30,39.971094,32.861393
T0033,12:35,39.971118,32.861398
T0033,12:40,39.971124,32.861376
T0033,12:45,39.971123,32.861404
T0033,12:50,39.971097,32.861422
T0033,12:55,39.971104,32.861410
T0033,13:00,39.971109,32.861432
T0033,13:05,39.971107,32.861422
T0033,13:10,39.971114,32.861421
T0033,13:15,39.971115,32.861415
T0033,13:20,39.971124,32.861416
T0033,13:25,39.971121,32.861426
T0033,13:30,39.971094,32.861402
T0033,13:35,39.971106,32.861429
T0033,13:40,39.960106,32.869998
T0033,13:45,39.949139,32.878573
T0033,13:50,39.938124,32.887118
T0033,13:55,39.926663,32.894239
T0033,14:00,39.914407,32.899077
T0034,10:00,39.904087,32.850925
T0034,10:05,39.904113,32.850925
T0034,10:10,39.904088,32.850965
T0034,10:15,39.904097,32.850938
T0034,10:20,39.904076,32.850938
T0034,10:25,39.904116,32.850931
T0034,10:30,39.904095,32.850937
T0034,10:35,39.904096,32.850914
T0034,10:40,39.904091,32.850938
T0034,10:45,39.904085,32.850936
T0034,10:50,39.904100,32.850922
T0034,10:55,39.904101,32.850925
T0034,11:00,39.904087,32.850954
T0034,11:05,39.904094,32.850939
T0034,11:10,39.904112,32.850934
T0034,11:15,39.904099,32.850932
T0034,11:20,39.904107,32.850943
T0034,11:25,39.904090,32.850938
T0034,11:30,39.904120,32.850949
T0034,11:35,39.904110,32.850937
T0034,11:40,39.904112,32.850961
T0034,11:45,39.904105,32.850922
T0034,11:50,39.904108,32.850939
T0034,11:55,39.904106,32.850914
T0034,12:00,39.904103,32.850928
T0035,14:00,39.898519,32.898843
T0035,14:05,39.898531,32.898852
T0035,14:10,39.898500,32.898846
T0035,14:15,39.898500,32.898856
T0035,14:20,39.898493,32.898840
T0035,14:25,39.898522,32.898843
T0035,14:30,39.898525,32.898828
T0035,14:35,39.898487,32.898838
T0035,14:40,39.898510,32.898835
T0035,14:45,39.898502,32.898855
T0035,14:50,39.898494,32.898834
T0035,14:55,39.898519,32.898871
T0035,15:00,39.898517,32.898878
T0035,15:05,39.898511,32.898888
T0035,15:10,39.898518,32.898851
T0035,15:15,39.898513,32.898866
T0035,15:20,39.898514,32.898816
T0035,15:25,39.898524,32.898821
T0035,15:30,39.898502,32.898816
T0035,15:35,39.898506,32.898804
T0035,15:40,39.898513,32.898846
T0035,15:45,39.909750,32.894073
T0035,15:50,39.920988,32.889236
T0035,15:55,39.930539,32.880344
T0035,16:00,39.939860,32.870876
T0036,12:10,39.978777,32.821962
T0036,12:15,39.978774,32.821974
T0036,12:20,39.978747,32.821982
T0036,12:25,39.978762,32.821995
T0036,12:30,39.978764,32.821981
T0036,12:35,39.978775,32.821974
T0036,12:40,39.978793,32.821930
T0036,12:45,39.978781,32.821972
T0036,12:50,39.978767,32.821973
T0036,12:55,39.978761,32.821946
T0036,13:00,39.978764,32.821930
T0036,13:05,39.978741,32.821997
T0036,13:10,39.978761,32.821957
T0036,13:15,39.978783,32.821990
T0036,13:20,39.978767,32.821970
T0036,13:25,39.978759,32.821966
T0036,13:30,39.978760,32.821961
T0036,13:35,39.978767,32.821967
T0036,13:40,39.969915,32.830282
T0036,13:45,39.961055,32.838617
T0036,13:50,39.961038,32.838594
T0036,13:55,39.952193,32.846943
T0036,14:00,39.943336,32.855236
T0036,14:05,39.934319,32.863269
T0036,14:10,39.925287,32.871312
T0037,11:55,39.987463,32.734943
T0037,12:00,39.987470,32.734964
T0037,12:05,39.987478,32.734936
T0037,12:10,39.987461,32.734943
T0037,12:15,39.987480,32.734927
T0037,12:20,39.987471,32.734961
T0037,12:25,39.987461,32.734961
T0037,12:30,39.987447,32.734931
T0037,12:35,39.987477,32.734949
T0037,12:40,39.987463,32.734930
T0037,12:45,39.987488,32.734939
T0037,12:50,39.987467,32.734925
T0037,12:55,39.987442,32.734940
T0037,13:00,39.987471,32.734933
T0037,13:05,39.987479,32.734922
T0037,13:10,39.987501,32.734932
T0037,13:15,39.987480,32.734950
T0037,13:20,39.975116,32.749547
T0037,13:25,39.962727,32.764170
T0037,13:30,39.950395,32.778804
T0037,13:35,39.938003,32.793442
T0037,13:40,39.938002,32.793437
T0037,13:45,39.925646,32.808079
T0037,13:50,39.911744,32.819760
T0037,13:55,39.896870,32.829689
T0038,11:35,39.840723,32.912366
T0038,11:40,39.840755,32.912354
T0038,11:45,39.840763,32.912373
T0038,11:50,39.840739,32.912373
T0038,11:55,39.840750,32.912357
T0038,12:00,39.840735,32.912316
T0038,12:05,39.840756,32.912365
T0038,12:10,39.840743,32.912340
T0038,12:15,39.840737,32.912366
T0038,12:20,39.840727,32.912365
T0038,12:25,39.840762,32.912337
T0038,12:30,39.840746,32.912320
T0038,12:35,39.840754,32.912356
T0038,12:40,39.840731,32.912365
T0038,12:45,39.840720,32.912343
T0038,12:50,39.840733,32.912330
T0038,12:55,39.850764,32.906833
T0038,13:00,39.860753,32.901327
T0038,13:05,39.870795,32.895842
T0038,13:10,39.880793,32.890305
T0038,13:15,39.890792,32.884784
T0038,13:20,39.900816,32.879282
T0038,13:25,39.910815,32.873738
T0038,13:30,39.920914,32.868565
T0038,13:35,39.931124,32.863685
T0039,12:55,39.857153,32.784172
T0039,13:00,39.857137,32.784179
T0039,13:05,39.857148,32.784142
T0039,13:10,39.857113,32.784098
T0039,13:15,39.857116,32.784169
T0039,13:20,39.857137,32.784175
T0039,13:25,39.857134,32.784115
T0039,13:30,39.857149,32.784157
T0039,13:35,39.857147,32.784147
T0039,13:40,39.857130,32.784179
T0039,13:45,39.857139,32.784158
T0039,13:50,39.857131,32.784155
T0039,13:55,39.857136,32.784158
T0039,14:00,39.857130,32.784145
T0039,14:05,39.857107,32.784126
T0039,14:10,39.857115,32.784135
T0039,14:15,39.857131,32.784153
T0039,14:20,39.857121,32.784113
T0039,14:25,39.865227,32.797125
T0039,14:30,39.873326,32.810106
T0039,14:35,39.881438,32.823095
T0039,14:40,39.889522,32.836083
T0039,14:45,39.897615,32.849038
T0039,14:50,39.905721,32.862031
T0039,14:55,39.897216,32.870794
T0040,13:35,39.893650,32.861706
T0040,13:40,39.893603,32.861719
T0040,13:45,39.893622,32.861730
T0040,13:50,39.893623,32.861703
T0040,13:55,39.893585,32.861739
T0040,14:00,39.898935,32.880591
T0040,14:05,39.898938,32.880623
T0040,14:10,39.898947,32.880595
T0040,14:15,39.898937,32.880581
T0040,14:20,39.898946,32.880574
T0040,14:25,39.898928,32.880580
T0040,14:30,39.898949,32.880591
T0040,14:35,39.898947,32.880602
T0040,14:40,39.898939,32.880593
T0040,14:45,39.898955,32.880592
T0040,14:50,39.898921,32.880594
T0040,14:55,39.898924,32.880585
T0040,15:00,39.898946,32.880589
T0040,15:05,39.898961,32.880622
T0040,15:10,39.898936,32.880569
T0040,15:15,39.898942,32.880569
T0040,15:20,39.898942,32.880620
T0040,15:25,39.898921,32.880579
T0040,15:30,39.898946,32.880606
T0040,15:35,39.898929,32.880603
T0041,13:05,39.923136,32.865265
T0041,13:10,39.923177,32.865272
T0041,13:15,39.923171,32.865290
T0041,13:20,39.923135,32.865265
T0041,13:25,39.923151,32.865271
T0041,13:30,39.923155,32.865261
T0041,13:35,39.923172,32.865235
T0041,13:40,39.923151,32.865230
T0041,13:45,39.923158,32.865281
T0041,13:50,39.923158,32.865265
T0041,13:55,39.923149,32.865284
T0041,14:00,39.923147,32.865262
T0041,14:05,39.923161,32.865257
T0041,14:10,39.923169,32.865272
T0041,14:15,39.923159,32.865256
T0041,14:20,39.923148,32.865294
T0041,14:25,39.923140,32.865255
T0041,14:30,39.923126,32.865279
T0041,14:35,39.923142,32.865249
T0041,14:40,39.923139,32.865285
T0041,14:45,39.923136,32.865246
T0041,14:50,39.923172,32.865268
T0041,14:55,39.923166,32.865245
T0041,15:00,39.923169,32.865303
T0041,15:05,39.923151,32.865266
T0042,12:55,39.940919,32.773341
T0042,13:00,39.940922,32.773377
T0042,13:05,39.940959,32.773394
T0042,13:10,39.940937,32.773399
T0042,13:15,39.940939,32.773411
T0042,13:20,39.940910,32.773400
T0042,13:25,39.940929,32.773408
T0042,13:30,39.940959,32.773385
T0042,13:35,39.940944,32.773395
T0042,13:40,39.940928,32.773382
T0042,13:45,39.940949,32.773367
T0042,13:50,39.940951,32.773387
T0042,13:55,39.940925,32.773358
T0042,14:00,39.940940,32.773386
T0042,14:05,39.940921,32.773386
T0042,14:10,39.940933,32.773356
T0042,14:15,39.940939,32.773351
T0042,14:20,39.940929,32.773419
T0042,14:25,39.934890,32.786756
T0042,14:30,39.928868,32.800122
T0042,14:35,39.922807,32.813470
T0042,14:40,39.922798,32.813499
T0042,14:45,39.916780,32.826831
T0042,14:50,39.910738,32.840196
T0042,14:55,39.907146,32.854986
T0043,10:30,39.920089,32.816991
T0043,10:35,39.920069,32.816982
T0043,10:40,39.920072,32.817033
T0043,10:45,39.920084,32.817016
T0043,10:50,39.920063,32.817011
T0043,10:55,39.920081,32.817017
T0043,11:00,39.920073,32.816983
T0043,11:05,39.920063,32.816994
T0043,11:10,39.920069,32.816974
T0043,11:15,39.920083,32.817006
T0043,11:20,39.920101,32.817012
T0043,11:25,39.920072,32.816995
T0043,11:30,39.920069,32.816974
T0043,11:35,39.920080,32.816993
T0043,11:40,39.920076,32.816982
T0043,11:45,39.920064,32.816990
T0043,11:50,39.920045,32.816991
T0043,11:55,39.920077,32.817012
T0043,12:00,39.920070,32.817007
T0043,12:05,39.920063,32.817002
T0043,12:10,39.920057,32.816967
T0043,12:15,39.920070,32.816967
T0043,12:20,39.920065,32.816983
T0043,12:25,39.920054,32.817002
T0043,12:30,39.920063,32.816991
T0044,13:45,39.930179,32.784686
T0044,13:50,39.930174,32.784681
T0044,13:55,39.930194,32.784670
T0044,14:00,39.930186,32.784700
T0044,14:05,39.930191,32.784692
T0044,14:10,39.930166,32.784664
T0044,14:15,39.930174,32.784654
T0044,14:20,39.930172,32.784673
T0044,14:25,39.930200,32.784663
T0044,14:30,39.930159,32.784660
T0044,14:35,39.930192,32.784660
T0044,14:40,39.930180,32.784670
T0044,14:45,39.930209,32.784663
T0044,14:50,39.930183,32.784669
T0044,14:55,39.930168,32.784684
T0044,15:00,39.930152,32.784662
T0044,15:05,39.930148,32.784653
T0044,15:10,39.930204,32.784645
T0044,15:15,39.930177,32.784667
T0044,15:20,39.930184,32.784633
T0044,15:25,39.923781,32.798411
T0044,15:30,39.917383,32.812141
T0044,15:35,39.910998,32.825888
T0044,15:40,39.906925,32.841002
T0044,15:45,39.903477,32.856431
T0045,11:45,39.927388,32.811870
T0045,11:50,39.927379,32.811879
T0045,11:55,39.927380,32.811903
T0045,12:00,39.927377,32.811879
T0045,12:05,39.927394,32.811884
T0045,12:10,39.927397,32.811897
T0045,12:15,39.927382,32.811853
T0045,12:20,39.927371,32.811891
T0045,12:25,39.927378,32.811838
T0045,12:30,39.927378,32.811881
T0045,12:35,39.927398,32.811877
T0045,12:40,39.927374,32.811856
T0045,12:45,39.927392,32.811906
T0045,12:50,39.927404,32.811850
T0045,12:55,39.927377,32.811865
T0045,13:00,39.927370,32.811869
T0045,13:05,39.927353,32.811876
T0045,13:10,39.927377,32.811850
T0045,13:15,39.927370,32.811876
T0045,13:20,39.927401,32.811887
T0045,13:25,39.927374,32.811879
T0045,13:30,39.927390,32.811851
T0045,13:35,39.927382,32.811883
T0045,13:40,39.927378,32.811851
T0045,13:45,39.927383,32.811878
T0046,13:45,39.956086,32.828369
T0046,13:50,39.956064,32.828386
T0046,13:55,39.956088,32.828368
T0046,14:00,39.956081,32.828339
T0046,14:05,39.956096,32.828352
T0046,14:10,39.956110,32.828355
T0046,14:15,39.956083,32.828340
T0046,14:20,39.956074,32.828345
T0046,14:25,39.956082,32.828323
T0046,14:30,39.956072,32.828344
T0046,14:35,39.956089,32.828337
T0046,14:40,39.956113,32.828344
T0046,14:45,39.956067,32.828345
T0046,14:50,39.956086,32.828328
T0046,14:55,39.956065,32.828318
T0046,15:00,39.956098,32.828400
T0046,15:05,39.956068,32.828333
T0046,15:10,39.956082,32.828336
T0046,15:15,39.956064,32.828335
T0046,15:20,39.956100,32.828357
T0046,15:25,39.956088,32.828344
T0046,15:30,39.956119,32.828346
T0046,15:35,39.956086,32.828351
T0046,15:40,39.956050,32.828398
T0046,15:45,39.956080,32.828351
T0047,11:30,39.909112,32.885468
T0047,11:35,39.909134,32.885451
T0047,11:40,39.909138,32.885468
T0047,11:45,39.909629,32.864895
T0047,11:50,39.915102,32.845216
T0047,11:55,39.915105,32.845187
T0047,12:00,39.915104,32.845207
T0047,12:05,39.915117,32.845206
T0047,12:10,39.915098,32.845177
T0047,12:15,39.915112,32.845193
T0047,12:20,39.915123,32.845192
T0047,12:25,39.915107,32.845200
T0047,12:30,39.915099,32.845173
T0047,12:35,39.915095,32.845195
T0047,12:40,39.915109,32.845208
T0047,12:45,39.915104,32.845193
T0047,12:50,39.915100,32.845170
T0047,12:55,39.915138,32.845204
T0047,13:00,39.915103,32.845199
T0047,13:05,39.915099,32.845176
T0047,13:10,39.915110,32.845225
T0047,13:15,39.915098,32.845159
T0047,13:20,39.915095,32.845174
T0047,13:25,39.915124,32.845203
T0047,13:30,39.915103,32.845199
T0048,11:45,39.883753,32.840006
T0048,11:50,39.883741,32.840015
T0048,11:55,39.883738,32.840000
T0048,12:00,39.883716,32.839984
T0048,12:05,39.883727,32.839967
T0048,12:10,39.883756,32.839983
T0048,12:15,39.883726,32.840008
T0048,12:20,39.883723,32.840005
T0048,12:25,39.883729,32.840013
T0048,12:30,39.883710,32.840020
T0048,12:35,39.883717,32.840009
T0048,12:40,39.883737,32.840000
T0048,12:45,39.883717,32.840014
T0048,12:50,39.883699,32.839982
T0048,12:55,39.883729,32.840004
T0048,13:00,39.883739,32.840032
T0048,13:05,39.883689,32.840011
T0048,13:10,39.883708,32.840005
T0048,13:15,39.883701,32.840011
T0048,13:20,39.883735,32.839995
T0048,13:25,39.883722,32.839991
T0048,13:30,39.893068,32.847508
T0048,13:35,39.902386,32.855054
T0048,13:40,39.911676,32.862623
T0048,13:45,39.920934,32.870294
T0049,12:30,39.934697,32.758586
T0049,12:35,39.934705,32.758583
T0049,12:40,39.934684,32.758611
T0049,12:45,39.934669,32.758596
T0049,12:50,39.934701,32.758548
T0049,12:55,39.934696,32.758586
T0049,13:00,39.934678,32.758594
T0049,13:05,39.934699,32.758592
T0049,13:10,39.934675,32.758622
T0049,13:15,39.934668,32.758576
T0049,13:20,39.934665,32.758604
T0049,13:25,39.934715,32.758599
T0049,13:30,39.934679,32.758603
T0049,13:35,39.934690,32.758604
T0049,13:40,39.934702,32.758579
T0049,13:45,39.934689,32.758585
T0049,13:50,39.934676,32.758564
T0049,13:55,39.934663,32.758595
T0049,14:00,39.934683,32.758585
T0049,14:05,39.934687,32.758570
T0049,14:10,39.934674,32.758582
T0049,14:15,39.939743,32.778317
T0049,14:20,39.944803,32.798007
T0049,14:25,39.949957,32.817602
T0049,14:30,39.958235,32.835394
T0050,12:55,39.924091,32.972990
T0050,13:00,39.924060,32.972985
T0050,13:05,39.924073,32.972949
T0050,13:10,39.924062,32.972972
T0050,13:15,39.924057,32.973013
T0050,13:20,39.924060,32.972978
T0050,13:25,39.924103,32.972972
T0050,13:30,39.924072,32.972997
T0050,13:35,39.924047,32.972982
T0050,13:40,39.924061,32.972993
T0050,13:45,39.924079,32.973000
T0050,13:50,39.924079,32.972969
T0050,13:55,39.924064,32.972964
T0050,14:00,39.924056,32.972988
T0050,14:05,39.924081,32.972971
T0050,14:10,39.924073,32.972973
T0050,14:15,39.924077,32.972963
T0050,14:20,39.924074,32.972975
T0050,14:25,39.923030,32.955468
T0050,14:30,39.921990,32.937988
T0050,14:35,39.920952,32.920520
T0050,14:40,39.919885,32.903008
T0050,14:45,39.918847,32.885486
T0050,14:50,39.913766,32.869697
T0050,14:55,39.906904,32.854580
T0051,11:30,39.923087,32.806824
T0051,11:35,39.923063,32.806829
T0051,11:40,39.923055,32.806846
T0051,11:45,39.923055,32.806815
T0051,11:50,39.923081,32.806811
T0051,11:55,39.923040,32.806843
T0051,12:00,39.923067,32.806833
T0051,12:05,39.923086,32.806815
T0051,12:10,39.923062,32.806802
T0051,12:15,39.923038,32.806815
T0051,12:20,39.923047,32.806824
T0051,12:25,39.923055,32.806785
T0051,12:30,39.923037,32.806826
T0051,12:35,39.923054,32.806819
T0051,12:40,39.923063,32.806806
T0051,12:45,39.923049,32.806831
T0051,12:50,39.923060,32.806830
T0051,12:55,39.923062,32.806823
T0051,13:00,39.923064,32.806830
T0051,13:05,39.923040,32.806831
T0051,13:10,39.923068,32.806816
T0051,13:15,39.923068,32.806824
T0051,13:20,39.923059,32.806805
T0051,13:25,39.923079,32.806811
T0051,13:30,39.923062,32.806824
T0052,13:35,39.892704,32.912871
T0052,13:40,39.892731,32.912844
T0052,13:45,39.892714,32.912850
T0052,13:50,39.892723,32.912824
T0052,13:55,39.892711,32.912886
T0052,14:00,39.892731,32.912863
T0052,14:05,39.892702,32.912867
T0052,14:10,39.892714,32.912849
T0052,14:15,39.892692,32.912872
T0052,14:20,39.892697,32.912873
T0052,14:25,39.892720,32.912854
T0052,14:30,39.892686,32.912858
T0052,14:35,39.892700,32.912862
T0052,14:40,39.892713,32.912855
T0052,14:45,39.892730,32.912854
T0052,14:50,39.892735,32.912832
T0052,14:55,39.892699,32.912865
T0052,15:00,39.892698,32.912835
T0052,15:05,39.892709,32.912832
T0052,15:10,39.892704,32.912850
T0052,15:15,39.896999,32.898692
T0052,15:20,39.901244,32.884573
T0052,15:25,39.905494,32.870419
T0052,15:30,39.909329,32.856095
T0052,15:35,39.912146,32.841361
T0053,12:10,39.912636,32.866098
T0053,12:15,39.912613,32.866087
T0053,12:20,39.912620,32.866081
T0053,12:25,39.912618,32.866082
T0053,12:30,39.912630,32.866071
T0053,12:35,39.912616,32.866115
T0053,12:40,39.912620,32.866057
T0053,12:45,39.912614,32.866068
T0053,12:50,39.912626,32.866067
T0053,12:55,39.912659,32.866099
T0053,13:00,39.912609,32.866069
T0053,13:05,39.925163,32.871325
T0053,13:10,39.925183,32.871356
T0053,13:15,39.925137,32.871316
T0053,13:20,39.925159,32.871338
T0053,13:25,39.925163,32.871352
T0053,13:30,39.925149,32.871325
T0053,13:35,39.925181,32.871327
T0053,13:40,39.925168,32.871313
T0053,13:45,39.925177,32.871317
T0053,13:50,39.925172,32.871327
T0053,13:55,39.925153,32.871333
T0053,14:00,39.925183,32.871307
T0053,14:05,39.925151,32.871322
T0053,14:10,39.925170,32.871325
T0054,10:15,39.986618,32.754002
T0054,10:20,39.986620,32.753950
T0054,10:25,39.986636,32.753994
T0054,10:30,39.986628,32.753939
T0054,10:35,39.986622,32.753966
T0054,10:40,39.986635,32.753964
T0054,10:45,39.977220,32.775800
T0054,10:50,39.977233,32.775792
T0054,10:55,39.977211,32.775795
T0054,11:00,39.977219,32.775797
T0054,11:05,39.977244,32.775816
T0054,11:10,39.977219,32.775811
T0054,11:15,39.977210,32.775816
T0054,11:20,39.977245,32.775794
T0054,11:25,39.965837,32.793485
T0054,11:30,39.965821,32.793526
T0054,11:35,39.965821,32.793497
T0054,11:40,39.965821,32.793479
T0054,11:45,39.965827,32.793485
T0054,11:50,39.965820,32.793537
T0054,11:55,39.965794,32.793479
T0054,12:00,39.965819,32.793525
T0054,12:05,39.965801,32.793474
T0054,12:10,39.955989,32.813186
T0054,12:15,39.944345,32.831305
T0055,12:20,39.976013,32.987303
T0055,12:25,39.976038,32.987360
T0055,12:30,39.976011,32.987329
T0055,12:35,39.976033,32.987329
T0055,12:40,39.976004,32.987329
T0055,12:45,39.976007,32.987299
T0055,12:50,39.976062,32.987291
T0055,12:55,39.976056,32.987323
T0055,13:00,39.976051,32.987333
T0055,13:05,39.976030,32.987325
T0055,13:10,39.969088,32.968328
T0055,13:15,39.969064,32.968325
T0055,13:20,39.969095,32.968336
T0055,13:25,39.969068,32.968344
T0055,13:30,39.961470,32.940108
T0055,13:35,39.961458,32.940113
T0055,13:40,39.961456,32.940142
T0055,13:45,39.961468,32.940106
T0055,13:50,39.961470,32.940101
T0055,13:55,39.961457,32.940119
T0055,14:00,39.961457,32.940133
T0055,14:05,39.961463,32.940127
T0055,14:10,39.961472,32.940125
T0055,14:15,39.945526,32.913291
T0055,14:20,39.935653,32.881811
T0056,10:25,39.954761,32.779666
T0056,10:30,39.954758,32.779676
T0056,10:35,39.954757,32.779677
T0056,10:40,39.954763,32.779676
T0056,10:45,39.954772,32.779657
T0056,10:50,39.954781,32.779705
T0056,10:55,39.954783,32.779670
T0056,11:00,39.954754,32.779704
T0056,11:05,39.954772,32.779636
T0056,11:10,39.954779,32.779654
T0056,11:15,39.954785,32.779650
T0056,11:20,39.954771,32.779679
T0056,11:25,39.954736,32.779645
T0056,11:30,39.954771,32.779685
T0056,11:35,39.954776,32.779680
T0056,11:40,39.954786,32.779667
T0056,11:45,39.954758,32.779670
T0056,11:50,39.954769,32.779679
T0056,11:55,39.951753,32.794460
T0056,12:00,39.948723,32.809261
T0056,12:05,39.948773,32.809277
T0056,12:10,39.945740,32.824041
T0056,12:15,39.942730,32.838842
T0056,12:20,39.939568,32.853590
T0056,12:25,39.935216,32.867798
T0057,13:25,39.983179,32.884069
T0057,13:30,39.983181,32.884104
T0057,13:35,39.983198,32.884088
T0057,13:40,39.983173,32.884112
T0057,13:45,39.983180,32.884107
T0057,13:50,39.983182,32.884127
T0057,13:55,39.983158,32.884057
T0057,14:00,39.983182,32.884104
T0057,14:05,39.983186,32.884097
T0057,14:10,39.983195,32.884117
T0057,14:15,39.983185,32.884098
T0057,14:20,39.983171,32.884085
T0057,14:25,39.983186,32.884111
T0057,14:30,39.983192,32.884069
T0057,14:35,39.983184,32.884106
T0057,14:40,39.983189,32.884116
T0057,14:45,39.983186,32.884070
T0057,14:50,39.983178,32.884103
T0057,14:55,39.970317,32.884291
T0057,15:00,39.957468,32.884543
T0057,15:05,39.944648,32.884754
T0057,15:10,39.944640,32.884741
T0057,15:15,39.931784,32.884947
T0057,15:20,39.918937,32.885175
T0057,15:25,39.906242,32.882519
T0058,11:45,39.830874,32.850472
T0058,11:50,39.830851,32.850479
T0058,11:55,39.830890,32.850448
T0058,12:00,39.830897,32.850466
T0058,12:05,39.830916,32.850441
T0058,12:10,39.830878,32.850416
T0058,12:15,39.830895,32.850478
T0058,12:20,39.830903,32.850457
T0058,12:25,39.830872,32.850497
T0058,12:30,39.830879,32.850441
T0058,12:35,39.830888,32.850459
T0058,12:40,39.830878,32.850467
T0058,12:45,39.830916,32.850468
T0058,12:50,39.830889,32.850500
T0058,12:55,39.830890,32.850480
T0058,13:00,39.830861,32.850458
T0058,13:05,39.842571,32.850976
T0058,13:10,39.854293,32.851493
T0058,13:15,39.865969,32.852052
T0058,13:20,39.877662,32.852551
T0058,13:25,39.889381,32.853044
T0058,13:30,39.900965,32.853984
T0058,13:35,39.900982,32.853997
T0058,13:40,39.910972,32.861854
T0058,13:45,39.921002,32.869764
T0059,11:05,39.917871,32.880433
T0059,11:10,39.917900,32.880450
T0059,11:15,39.917881,32.880428
T0059,11:20,39.917885,32.880419
T0059,11:25,39.917896,32.880446
T0059,11:30,39.917886,32.880432
T0059,11:35,39.917894,32.880462
T0059,11:40,39.917885,32.880420
T0059,11:45,39.917880,32.880409
T0059,11:50,39.917908,32.880448
T0059,11:55,39.917894,32.880472
T0059,12:00,39.906546,32.876135
T0059,12:05,39.906553,32.876134
T0059,12:10,39.906540,32.876129
T0059,12:15,39.906542,32.876143
T0059,12:20,39.906534,32.876136
T0059,12:25,39.906542,32.876150
T0059,12:30,39.906530,32.876151
T0059,12:35,39.906521,32.876141
T0059,12:40,39.906552,32.876169
T0059,12:45,39.906541,32.876152
T0059,12:50,39.906534,32.876151
T0059,12:55,39.906559,32.876134
T0059,13:00,39.906535,32.876149
T0059,13:05,39.906543,32.876138
T0060,13:10,39.971553,32.782822
T0060,13:15,39.971535,32.782832
T0060,13:20,39.971577,32.782770
T0060,13:25,39.971578,32.782780
T0060,13:30,39.971546,32.782771
T0060,13:35,39.971543,32.782722
T0060,13:40,39.971548,32.782768
T0060,13:45,39.971569,32.782795
T0060,13:50,39.971550,32.782806
T0060,13:55,39.971548,32.782736
T0060,14:00,39.971531,32.782780
T0060,14:05,39.971563,32.782760
T0060,14:10,39.971527,32.782798
T0060,14:15,39.971555,32.782781
T0060,14:20,39.971570,32.782773
T0060,14:25,39.971560,32.782799
T0060,14:30,39.971558,32.782783
T0060,14:35,39.971570,32.782755
T0060,14:40,39.971517,32.782776
T0060,14:45,39.971525,32.782777
T0060,14:50,39.971586,32.782779
T0060,14:55,39.965347,32.801866
T0060,15:00,39.959168,32.820901
T0060,15:05,39.955589,32.840539
T0060,15:10,39.957080,32.861152
T0061,10:05,40.036958,32.805766
T0061,10:10,40.036922,32.805779
T0061,10:15,40.036971,32.805789
T0061,10:20,40.036938,32.805736
T0061,10:25,40.036943,32.805753
T0061,10:30,40.036956,32.805721
T0061,10:35,40.036951,32.805774
T0061,10:40,40.036921,32.805752
T0061,10:45,40.023046,32.809965
T0061,10:50,40.023071,32.809936
T0061,10:55,40.023069,32.809947
T0061,11:00,40.023063,32.809950
T0061,11:05,40.023054,32.809950
T0061,11:10,40.023079,32.809951
T0061,11:15,40.009053,32.822276
T0061,11:20,39.993166,32.825581
T0061,11:25,39.993172,32.825556
T0061,11:30,39.993161,32.825576
T0061,11:35,39.993166,32.825610
T0061,11:40,39.993157,32.825581
T0061,11:45,39.993174,32.825587
T0061,11:50,39.993171,32.825568
T0061,11:55,39.975015,32.834492
T0061,12:00,39.952351,32.833597
T0061,12:05,39.930674,32.845149
T0062,11:30,39.922678,32.807197
T0062,11:35,39.922697,32.807231
T0062,11:40,39.922688,32.807186
T0062,11:45,39.922717,32.807203
T0062,11:50,39.922696,32.807202
T0062,11:55,39.922695,32.807219
T0062,12:00,39.922695,32.807229
T0062,12:05,39.922688,32.807213
T0062,12:10,39.922713,32.807216
T0062,12:15,39.922713,32.807209
T0062,12:20,39.922710,32.807249
T0062,12:25,39.922695,32.807230
T0062,12:30,39.922715,32.807205
T0062,12:35,39.922710,32.807201
T0062,12:40,39.922654,32.807213
T0062,12:45,39.922730,32.807218
T0062,12:50,39.922703,32.807228
T0062,12:55,39.922697,32.807219
T0062,13:00,39.922706,32.807218
T0062,13:05,39.922681,32.807205
T0062,13:10,39.922697,32.807214
T0062,13:15,39.922696,32.807206
T0062,13:20,39.922714,32.807199
T0062,13:25,39.922706,32.807227
T0062,13:30,39.922695,32.807226
T0063,13:35,39.994733,32.967280
T0063,13:40,39.994747,32.967267
T0063,13:45,39.994740,32.967279
T0063,13:50,39.994736,32.967261
T0063,13:55,39.994706,32.967275
T0063,14:00,39.994754,32.967285
T0063,14:05,39.994737,32.967267
T0063,14:10,39.994734,32.967264
T0063,14:15,39.994733,32.967278
T0063,14:20,39.994739,32.967265
T0063,14:25,39.994744,32.967287
T0063,14:30,39.994726,32.967280
T0063,14:35,39.994743,32.967293
T0063,14:40,39.994752,32.967276
T0063,14:45,39.994752,32.967292
T0063,14:50,39.994744,32.967291
T0063,14:55,39.994750,32.967296
T0063,15:00,39.981252,32.954672
T0063,15:05,39.967759,32.941999
T0063,15:10,39.967756,32.942029
T0063,15:15,39.954288,32.929365
T0063,15:20,39.940787,32.916707
T0063,15:25,39.927313,32.904068
T0063,15:30,39.913815,32.891446
T0063,15:35,39.899047,32.881811
T0064,10:05,39.920054,32.884233
T0064,10:10,39.937171,32.877078
T0064,10:15,39.945675,32.856392
T0064,10:20,39.940748,32.833880
T0064,10:25,39.925198,32.822117
T0064,10:30,39.925192,32.822116
T0064,10:35,39.907723,32.827788
T0064,10:40,39.898234,32.847692
T0064,10:45,39.902039,32.870595
T0064,10:50,39.916952,32.883661
T0064,10:55,39.934632,32.879480
T0064,11:00,39.934637,32.879494
T0064,11:05,39.945105,32.860432
T0064,11:10,39.942504,32.837267
T0064,11:15,39.928238,32.822956
T0064,11:20,39.910385,32.825596
T0064,11:25,39.898961,32.843686
T0064,11:30,39.900407,32.867087
T0064,11:35,39.913917,32.882529
T0064,11:40,39.931871,32.881420
T0064,11:45,39.944184,32.864400
T0064,11:50,39.943939,32.840930
T0064,11:55,39.931223,32.824287
T0064,12:00,39.913258,32.823868
T0064,12:05,39.900105,32.839869
T0065,11:30,40.044847,32.833152
T0065,11:35,40.044856,32.833139
T0065,11:40,40.044864,32.833125
T0065,11:45,40.044877,32.833150
T0065,11:50,40.044854,32.833173
T0065,11:55,40.044849,32.833162
T0065,12:00,40.044855,32.833163
T0065,12:05,40.044862,32.833086
T0065,12:10,40.044848,32.833123
T0065,12:15,40.044873,32.833143
T0065,12:20,40.044862,32.833146
T0065,12:25,40.044845,32.833154
T0065,12:30,40.044868,32.833137
T0065,12:35,40.044844,32.833140
T0065,12:40,40.044852,32.833145
T0065,12:45,40.044849,32.833134
T0065,12:50,40.044873,32.833157
T0065,12:55,40.044844,32.833164
T0065,13:00,40.027083,32.832424
T0065,13:05,40.009319,32.831703
T0065,13:10,39.991551,32.831015
T0065,13:15,39.973787,32.830291
T0065,13:20,39.956038,32.829553
T0065,13:25,39.938241,32.828835
T0065,13:30,39.921987,32.819824
T0066,10:00,39.910295,32.832290
T0066,10:05,39.910311,32.832296
T0066,10:10,39.910287,32.832290
T0066,10:15,39.910325,32.832281
T0066,10:20,39.910326,32.832300
T0066,10:25,39.910313,32.832319
T0066,10:30,39.910317,32.832295
T0066,10:35,39.910341,32.832310
T0066,10:40,39.910290,32.832294
T0066,10:45,39.904254,32.850758
T0066,10:50,39.904265,32.850754
T0066,10:55,39.904284,32.850756
T0066,11:00,39.904269,32.850773
T0066,11:05,39.904255,32.850752
T0066,11:10,39.904254,32.850755
T0066,11:15,39.904271,32.850783
T0066,11:20,39.904282,32.850767
T0066,11:25,39.904268,32.850765
T0066,11:30,39.904289,32.850784
T0066,11:35,39.904255,32.850757
T0066,11:40,39.904278,32.850768
T0066,11:45,39.904239,32.850747
T0066,11:50,39.904270,32.850803
T0066,11:55,39.904281,32.850766
T0066,12:00,39.904278,32.850761
T0067,13:20,40.042913,32.834353
T0067,13:25,40.042874,32.834360
T0067,13:30,40.042877,32.834382
T0067,13:35,40.042865,32.834356
T0067,13:40,40.042879,32.834375
T0067,13:45,40.042878,32.834389
T0067,13:50,40.042862,32.834399
T0067,13:55,40.042852,32.834394
T0067,14:00,40.027690,32.834568
T0067,14:05,40.027696,32.834554
T0067,14:10,40.027702,32.834555
T0067,14:15,40.027692,32.834543
T0067,14:20,40.027662,32.834558
T0067,14:25,40.027679,32.834511
T0067,14:30,40.027685,32.834536
T0067,14:35,40.027671,32.834554
T0067,14:40,40.027691,32.834540
T0067,14:45,40.027678,32.834553
T0067,14:50,40.006753,32.838165
T0067,14:55,39.986755,32.834292
T0067,15:00,39.986707,32.834284
T0067,15:05,39.986742,32.834294
T0067,15:10,39.986725,32.834303
T0067,15:15,39.965984,32.849336
T0067,15:20,39.942907,32.855401
T0068,13:05,39.922996,32.864894
T0068,13:10,39.922993,32.864856
T0068,13:15,39.922992,32.864907
T0068,13:20,39.923013,32.864890
T0068,13:25,39.922984,32.864890
T0068,13:30,39.922989,32.864872
T0068,13:35,39.922992,32.864910
T0068,13:40,39.922987,32.864883
T0068,13:45,39.923005,32.864862
T0068,13:50,39.923007,32.864848
T0068,13:55,39.922996,32.864877
T0068,14:00,39.922991,32.864868
T0068,14:05,39.922988,32.864866
T0068,14:10,39.922993,32.864873
T0068,14:15,39.923026,32.864911
T0068,14:20,39.922988,32.864872
T0068,14:25,39.922981,32.864861
T0068,14:30,39.923003,32.864875
T0068,14:35,39.923030,32.864860
T0068,14:40,39.922993,32.864886
T0068,14:45,39.922984,32.864868
T0068,14:50,39.923014,32.864892
T0068,14:55,39.923016,32.864897
T0068,15:00,39.923017,32.864866
T0068,15:05,39.923003,32.864881
T0069,13:35,39.865346,32.777955
T0069,13:40,39.865339,32.777964
T0069,13:45,39.865358,32.777957
T0069,13:50,39.865355,32.777959
T0069,13:55,39.865344,32.777954
T0069,14:00,39.865358,32.777997
T0069,14:05,39.865358,32.777974
T0069,14:10,39.865337,32.777922
T0069,14:15,39.865327,32.777957
T0069,14:20,39.865334,32.777967
T0069,14:25,39.865370,32.777959
T0069,14:30,39.865343,32.777987
T0069,14:35,39.865335,32.777950
T0069,14:40,39.865336,32.777963
T0069,14:45,39.865340,32.777958
T0069,14:50,39.865345,32.777969
T0069,14:55,39.865361,32.777952
T0069,15:00,39.865357,32.777950
T0069,15:05,39.865362,32.777948
T0069,15:10,39.870639,32.795388
T0069,15:15,39.875920,32.812797
T0069,15:20,39.881164,32.830281
T0069,15:25,39.886461,32.847676
T0069,15:30,39.892344,32.864749
T0069,15:35,39.899228,32.881151
T0070,13:35,39.927505,32.816531
T0070,13:40,39.927505,32.816560
T0070,13:45,39.927500,32.816541
T0070,13:50,39.927482,32.816518
T0070,13:55,39.927512,32.816506
T0070,14:00,39.927477,32.816538
T0070,14:05,39.927503,32.816529
T0070,14:10,39.927511,32.816561
T0070,14:15,39.927517,32.816534
T0070,14:20,39.927514,32.816534
T0070,14:25,39.927513,32.816513
T0070,14:30,39.927502,32.816533
T0070,14:35,39.927514,32.816535
T0070,14:40,39.927492,32.816524
T0070,14:45,39.927502,32.816520
T0070,14:50,39.927522,32.816561
T0070,14:55,39.927509,32.816530
T0070,15:00,39.927503,32.816535
T0070,15:05,39.927526,32.816546
T0070,15:10,39.927512,32.816526
T0070,15:15,39.927475,32.816534
T0070,15:20,39.927504,32.816532
T0070,15:25,39.927508,32.816541
T0070,15:30,39.927522,32.816522
T0070,15:35,39.927506,32.816535
T0071,13:25,39.931478,32.892147
T0071,13:30,39.931490,32.892151
T0071,13:35,39.931501,32.892184
T0071,13:40,39.931488,32.892177
T0071,13:45,39.931474,32.892170
T0071,13:50,39.931474,32.892153
T0071,13:55,39.918909,32.888206
T0071,14:00,39.906438,32.883351
T0071,14:05,39.906444,32.883323
T0071,14:10,39.906426,32.883336
T0071,14:15,39.906415,32.883332
T0071,14:20,39.906443,32.883348
T0071,14:25,39.906423,32.883313
T0071,14:30,39.906449,32.883361
T0071,14:35,39.906418,32.883327
T0071,14:40,39.906429,32.883318
T0071,14:45,39.906431,32.883351
T0071,14:50,39.906421,32.883342
T0071,14:55,39.906460,32.883303
T0071,15:00,39.906415,32.883336
T0071,15:05,39.906442,32.883346
T0071,15:10,39.906421,32.883349
T0071,15:15,39.906424,32.883327
T0071,15:20,39.906435,32.883355
T0071,15:25,39.906430,32.883344
T0072,11:05,39.900039,32.862511
T0072,11:10,39.900055,32.862504
T0072,11:15,39.900023,32.862510
T0072,11:20,39.900019,32.862499
T0072,11:25,39.900029,32.862525
T0072,11:30,39.900045,32.862536
T0072,11:35,39.900045,32.862485
T0072,11:40,39.900024,32.862536
T0072,11:45,39.900038,32.862525
T0072,11:50,39.900026,32.862539
T0072,11:55,39.906685,32.875928
T0072,12:00,39.906694,32.875909
T0072,12:05,39.906696,32.875940
T0072,12:10,39.906694,32.875894
T0072,12:15,39.906695,32.875902
T0072,12:20,39.906699,32.875922
T0072,12:25,39.906688,32.875937
T0072,12:30,39.906679,32.875939
T0072,12:35,39.906694,32.875939
T0072,12:40,39.906698,32.875905
T0072,12:45,39.906682,32.875894
T0072,12:50,39.906692,32.875939
T0072,12:55,39.906698,32.875903
T0072,13:00,39.906710,32.875916
T0072,13:05,39.906699,32.875919
T0073,12:45,39.833677,32.927188
T0073,12:50,39.833652,32.927233
T0073,12:55,39.833676,32.927252
T0073,13:00,39.833677,32.927241
T0073,13:05,39.833669,32.927228
T0073,13:10,39.833680,32.927215
T0073,13:15,39.833672,32.927249
T0073,13:20,39.833644,32.927221
T0073,13:25,39.833676,32.927212
T0073,13:30,39.833689,32.927190
T0073,13:35,39.833668,32.927246
T0073,13:40,39.833663,32.927228
T0073,13:45,39.833683,32.927202
T0073,13:50,39.833672,32.927266
T0073,13:55,39.833665,32.927239
T0073,14:00,39.833675,32.927223
T0073,14:05,39.833650,32.927255
T0073,14:10,39.847383,32.921668
T0073,14:15,39.861112,32.916195
T0073,14:20,39.874804,32.910653
T0073,14:25,39.888547,32.905182
T0073,14:30,39.902256,32.899641
T0073,14:35,39.915945,32.894122
T0073,14:40,39.929773,32.889073
T0073,14:45,39.943726,32.884659
T0074,11:20,39.876374,32.896273
T0074,11:25,39.876365,32.896285
T0074,11:30,39.876408,32.896272
T0074,11:35,39.876380,32.896278
T0074,11:40,39.876373,32.896313
T0074,11:45,39.876385,32.896281
T0074,11:50,39.876381,32.896277
T0074,11:55,39.876410,32.896272
T0074,12:00,39.876391,32.896289
T0074,12:05,39.876365,32.896293
T0074,12:10,39.876362,32.896277
T0074,12:15,39.876385,32.896287
T0074,12:20,39.876378,32.896262
T0074,12:25,39.876374,32.896281
T0074,12:30,39.876383,32.896273
T0074,12:35,39.876342,32.896261
T0074,12:40,39.876344,32.896307
T0074,12:45,39.876366,32.896254
T0074,12:50,39.876372,32.896281
T0074,12:55,39.876391,32.896269
T0074,13:00,39.876378,32.896295
T0074,13:05,39.884837,32.880536
T0074,13:10,39.893286,32.864841
T0074,13:15,39.899263,32.847396
T0074,13:20,39.904203,32.829362
T0075,11:45,39.927435,32.811878
T0075,11:50,39.927439,32.811870
T0075,11:55,39.927459,32.811889
T0075,12:00,39.927454,32.811865
T0075,12:05,39.927429,32.811920
T0075,12:10,39.927464,32.811856
T0075,12:15,39.927455,32.811884
T0075,12:20,39.927439,32.811864
T0075,12:25,39.927434,32.811869
T0075,12:30,39.927421,32.811871
T0075,12:35,39.927469,32.811858
T0075,12:40,39.927450,32.811831
T0075,12:45,39.927453,32.811848
T0075,12:50,39.927451,32.811853
T0075,12:55,39.927446,32.811886
T0075,13:00,39.927455,32.811865
T0075,13:05,39.927464,32.811835
T0075,13:10,39.927431,32.811844
T0075,13:15,39.927428,32.811875
T0075,13:20,39.927442,32.811882
T0075,13:25,39.927451,32.811836
T0075,13:30,39.927440,32.811879
T0075,13:35,39.927452,32.811887
T0075,13:40,39.927461,32.811869
T0075,13:45,39.927443,32.811871
T0076,12:50,39.803992,32.832301
T0076,12:55,39.804006,32.832311
T0076,13:00,39.803989,32.832305
T0076,13:05,39.804007,32.832336
T0076,13:10,39.804023,32.832299
T0076,13:15,39.804002,32.832316
T0076,13:20,39.803990,32.832308
T0076,13:25,39.804009,32.832308
T0076,13:30,39.803977,32.832297
T0076,13:35,39.804008,32.832342
T0076,13:40,39.803998,32.832325
T0076,13:45,39.803998,32.832283
T0076,13:50,39.803978,32.832332
T0076,13:55,39.803986,32.832323
T0076,14:00,39.804016,32.832321
T0076,14:05,39.804014,32.832320
T0076,14:10,39.819468,32.830275
T0076,14:15,39.834920,32.828268
T0076,14:20,39.850383,32.826259
T0076,14:25,39.865845,32.824233
T0076,14:30,39.881303,32.822196
T0076,14:35,39.896758,32.820187
T0076,14:40,39.912191,32.818166
T0076,14:45,39.927572,32.818173
T0076,14:50,39.942685,32.822854
T0077,10:45,39.947355,32.850431
T0077,10:50,39.947370,32.850434
T0077,10:55,39.947366,32.850390
T0077,11:00,39.947371,32.850413
T0077,11:05,39.947349,32.850430
T0077,11:10,39.947368,32.850435
T0077,11:15,39.947388,32.850437
T0077,11:20,39.947353,32.850404
T0077,11:25,39.947387,32.850432
T0077,11:30,39.947378,32.850447
T0077,11:35,39.947385,32.850419
T0077,11:40,39.947363,32.850404
T0077,11:45,39.947374,32.850443
T0077,11:50,39.947357,32.850443
T0077,11:55,39.947356,32.850394
T0077,12:00,39.947371,32.850446
T0077,12:05,39.947379,32.850392
T0077,12:10,39.947365,32.850422
T0077,12:15,39.947357,32.850453
T0077,12:20,39.947354,32.850437
T0077,12:25,39.947360,32.850458
T0077,12:30,39.947391,32.850424
T0077,12:35,39.947364,32.850413
T0077,12:40,39.947341,32.850442
T0077,12:45,39.947360,32.850423
T0078,11:10,39.863153,32.920643
T0078,11:15,39.863146,32.920651
T0078,11:20,39.863112,32.920622
T0078,11:25,39.863142,32.920671
T0078,11:30,39.863172,32.920635
T0078,11:35,39.863156,32.920628
T0078,11:40,39.863126,32.920628
T0078,11:45,39.863139,32.920643
T0078,11:50,39.863162,32.920665
T0078,11:55,39.863124,32.920644
T0078,12:00,39.863121,32.920634
T0078,12:05,39.863129,32.920642
T0078,12:10,39.863135,32.920623
T0078,12:15,39.863136,32.920676
T0078,12:20,39.863148,32.920637
T0078,12:25,39.863175,32.920630
T0078,12:30,39.863148,32.920683
T0078,12:35,39.863127,32.920631
T0078,12:40,39.863137,32.920633
T0078,12:45,39.863147,32.920652
T0078,12:50,39.876433,32.913317
T0078,12:55,39.889733,32.906055
T0078,13:00,39.903023,32.898738
T0078,13:05,39.917042,32.895683
T0078,13:10,39.931476,32.895078
T0079,11:20,39.867242,32.839665
T0079,11:25,39.867249,32.839642
T0079,11:30,39.867263,32.839664
T0079,11:35,39.867225,32.839668
T0079,11:40,39.867244,32.839622
T0079,11:45,39.867227,32.839667
T0079,11:50,39.867240,32.839651
T0079,11:55,39.867227,32.839659
T0079,12:00,39.867264,32.839659
T0079,12:05,39.867258,32.839676
T0079,12:10,39.867231,32.839659
T0079,12:15,39.867248,32.839646
T0079,12:20,39.867244,32.839682
T0079,12:25,39.867238,32.839648
T0079,12:30,39.867242,32.839693
T0079,12:35,39.867220,32.839687
T0079,12:40,39.867220,32.839647
T0079,12:45,39.867239,32.839666
T0079,12:50,39.867232,32.839631
T0079,12:55,39.878086,32.838116
T0079,13:00,39.888954,32.836528
T0079,13:05,39.899824,32.834912
T0079,13:10,39.910655,32.833330
T0079,13:15,39.921467,32.833742
T0079,13:20,39.932287,32.835831
T0080,12:50,40.029907,32.941019
T0080,12:55,40.029912,32.941011
T0080,13:00,40.029911,32.941052
T0080,13:05,40.029925,32.941016
T0080,13:10,40.029895,32.940985
T0080,13:15,40.029900,32.941005
T0080,13:20,40.029931,32.941015
T0080,13:25,40.029911,32.941016
T0080,13:30,40.029904,32.941023
T0080,13:35,40.029917,32.941005
T0080,13:40,40.029910,32.941013
T0080,13:45,40.029933,32.941000
T0080,13:50,40.029891,32.941006
T0080,13:55,40.029920,32.941017
T0080,14:00,40.029913,32.941011
T0080,14:05,40.029910,32.940995
T0080,14:10,40.029907,32.941016
T0080,14:15,40.016596,32.925019
T0080,14:20,40.003319,32.909041
T0080,14:25,39.990022,32.893069
T0080,14:30,39.976728,32.877095
T0080,14:35,39.963362,32.861144
T0080,14:40,39.963393,32.861134
T0080,14:45,39.950857,32.844401
T0080,14:50,39.942702,32.823379
T0081,10:45,39.886752,32.758756
T0081,10:50,39.886756,32.758772
T0081,10:55,39.886772,32.758746
T0081,11:00,39.886742,32.758768
T0081,11:05,39.886756,32.758738
T0081,11:10,39.886761,32.758731
T0081,11:15,39.886756,32.758742
T0081,11:20,39.886751,32.758737
T0081,11:25,39.886735,32.758733
T0081,11:30,39.886757,32.758771
T0081,11:35,39.886740,32.758746
T0081,11:40,39.886734,32.758729
T0081,11:45,39.886770,32.758741
T0081,11:50,39.886751,32.758759
T0081,11:55,39.886758,32.758741
T0081,12:00,39.886738,32.758758
T0081,12:05,39.886744,32.758738
T0081,12:10,39.886731,32.758749
T0081,12:15,39.886748,32.758725
T0081,12:20,39.897484,32.773539
T0081,12:25,39.908228,32.788392
T0081,12:30,39.918947,32.803200
T0081,12:35,39.929678,32.817995
T0081,12:40,39.940420,32.832812
T0081,12:45,39.947339,32.850673
T0082,10:35,39.904739,32.805722
T0082,10:40,39.904747,32.805718
T0082,10:45,39.904780,32.805678
T0082,10:50,39.904761,32.805694
T0082,10:55,39.904745,32.805713
T0082,11:00,39.904765,32.805688
T0082,11:05,39.904770,32.805736
T0082,11:10,39.904754,32.805703
T0082,11:15,39.904763,32.805720
T0082,11:20,39.904767,32.805679
T0082,11:25,39.904736,32.805717
T0082,11:30,39.904741,32.805705
T0082,11:35,39.904763,32.805721
T0082,11:40,39.904753,32.805707
T0082,11:45,39.904759,32.805708
T0082,11:50,39.904767,32.805700
T0082,11:55,39.904758,32.805697
T0082,12:00,39.904755,32.805699
T0082,12:05,39.904732,32.805716
T0082,12:10,39.904771,32.805676
T0082,12:15,39.904742,32.805696
T0082,12:20,39.913823,32.816340
T0082,12:25,39.922935,32.827022
T0082,12:30,39.930377,32.839350
T0082,12:35,39.936266,32.853268
T0083,14:00,39.936682,32.893966
T0083,14:05,39.936674,32.893971
T0083,14:10,39.936700,32.893942
T0083,14:15,39.936693,32.893947
T0083,14:20,39.936677,32.893959
T0083,14:25,39.936690,32.893990
T0083,14:30,39.936675,32.894001
T0083,14:35,39.936703,32.893956
T0083,14:40,39.936668,32.893944
T0083,14:45,39.936696,32.893976
T0083,14:50,39.936704,32.893963
T0083,14:55,39.936710,32.893958
T0083,15:00,39.936682,32.893953
T0083,15:05,39.936675,32.893967
T0083,15:10,39.936697,32.893964
T0083,15:15,39.936685,32.893936
T0083,15:20,39.936693,32.893964
T0083,15:25,39.936688,32.893927
T0083,15:30,39.936690,32.893945
T0083,15:35,39.936692,32.893955
T0083,15:40,39.936688,32.893939
T0083,15:45,39.938372,32.879391
T0083,15:50,39.940094,32.864748
T0083,15:55,39.940799,32.850267
T0083,16:00,39.937410,32.836197
T0084,10:30,39.870100,32.842774
T0084,10:35,39.870091,32.842799
T0084,10:40,39.870079,32.842833
T0084,10:45,39.870090,32.842788
T0084,10:50,39.870100,32.842789
T0084,10:55,39.870094,32.842816
T0084,11:00,39.870110,32.842798
T0084,11:05,39.870111,32.842768
T0084,11:10,39.870110,32.842819
T0084,11:15,39.870104,32.842804
T0084,11:20,39.870109,32.842796
T0084,11:25,39.870094,32.842807
T0084,11:30,39.870095,32.842796
T0084,11:35,39.870103,32.842807
T0084,11:40,39.870111,32.842806
T0084,11:45,39.870083,32.842820
T0084,11:50,39.870102,32.842785
T0084,11:55,39.870084,32.842791
T0084,12:00,39.870106,32.842823
T0084,12:05,39.870104,32.842776
T0084,12:10,39.882714,32.840181
T0084,12:15,39.895352,32.837532
T0084,12:20,39.907982,32.834881
T0084,12:25,39.920620,32.832290
T0084,12:30,39.920005,32.815863
T0085,10:45,39.914580,32.756891
T0085,10:50,39.914564,32.756874
T0085,10:55,39.914572,32.756879
T0085,11:00,39.914567,32.756889
T0085,11:05,39.914549,32.756885
T0085,11:10,39.914550,32.756882
T0085,11:15,39.914541,32.756872
T0085,11:20,39.914556,32.756879
T0085,11:25,39.914558,32.756885
T0085,11:30,39.914546,32.756879
T0085,11:35,39.914580,32.756863
T0085,11:40,39.914544,32.756883
T0085,11:45,39.914563,32.756910
T0085,11:50,39.914572,32.756907
T0085,11:55,39.914571,32.756859
T0085,12:00,39.914573,32.756902
T0085,12:05,39.914559,32.756875
T0085,12:10,39.914557,32.756872
T0085,12:15,39.918946,32.770576
T0085,12:20,39.923306,32.784303
T0085,12:25,39.927720,32.797987
T0085,12:30,39.932097,32.811721
T0085,12:35,39.936509,32.825388
T0085,12:40,39.941872,32.838486
T0085,12:45,39.947431,32.851423
T0086,10:35,39.900746,32.877026
T0086,10:40,39.900739,32.877050
T0086,10:45,39.900726,32.877065
T0086,10:50,39.900712,32.877034
T0086,10:55,39.900717,32.877034
T0086,11:00,39.900722,32.877038
T0086,11:05,39.900747,32.877054
T0086,11:10,39.900730,32.877063
T0086,11:15,39.900733,32.877031
T0086,11:20,39.900732,32.877016
T0086,11:25,39.900719,32.877017
T0086,11:30,39.900757,32.877034
T0086,11:35,39.900707,32.877039
T0086,11:40,39.900757,32.877056
T0086,11:45,39.900719,32.877040
T0086,11:50,39.900731,32.877016
T0086,11:55,39.900724,32.877010
T0086,12:00,39.900724,32.877035
T0086,12:05,39.900727,32.877045
T0086,12:10,39.900737,32.877029
T0086,12:15,39.900723,32.877032
T0086,12:20,39.900724,32.877020
T0086,12:25,39.900716,32.877023
T0086,12:30,39.900747,32.877067
T0086,12:35,39.900726,32.877038
T0087,13:05,39.944813,32.838367
T0087,13:10,39.944790,32.838373
T0087,13:15,39.944825,32.838345
T0087,13:20,39.944786,32.838383
T0087,13:25,39.944815,32.838371
T0087,13:30,39.944809,32.838364
T0087,13:35,39.944796,32.838351
T0087,13:40,39.944843,32.838367
T0087,13:45,39.944818,32.838327
T0087,13:50,39.944793,32.838361
T0087,13:55,39.944804,32.838327
T0087,14:00,39.944793,32.838325
T0087,14:05,39.944780,32.838369
T0087,14:10,39.935991,32.854456
T0087,14:15,39.922948,32.865463
T0087,14:20,39.922937,32.865467
T0087,14:25,39.922944,32.865463
T0087,14:30,39.922959,32.865458
T0087,14:35,39.922948,32.865444
T0087,14:40,39.922943,32.865442
T0087,14:45,39.922959,32.865464
T0087,14:50,39.922959,32.865458
T0087,14:55,39.922966,32.865457
T0087,15:00,39.922942,32.865467
T0087,15:05,39.922946,32.865451
T0088,13:35,39.989399,32.899205
T0088,13:40,39.989398,32.899193
T0088,13:45,39.989405,32.899218
T0088,13:50,39.989396,32.899194
T0088,13:55,39.989376,32.899226
T0088,14:00,39.989381,32.899218
T0088,14:05,39.989402,32.899213
T0088,14:10,39.989370,32.899222
T0088,14:15,39.989383,32.899235
T0088,14:20,39.989399,32.899233
T0088,14:25,39.989393,32.899214
T0088,14:30,39.989409,32.899203
T0088,14:35,39.989381,32.899222
T0088,14:40,39.989410,32.899226
T0088,14:45,39.989391,32.899219
T0088,14:50,39.989406,32.899198
T0088,14:55,39.989394,32.899224
T0088,15:00,39.989408,32.899238
T0088,15:05,39.989361,32.899222
T0088,15:10,39.989391,32.899220
T0088,15:15,39.971048,32.896655
T0088,15:20,39.952657,32.894087
T0088,15:25,39.934262,32.891502
T0088,15:30,39.915917,32.888951
T0088,15:35,39.898611,32.881425
T0089,11:30,39.975013,32.841234
T0089,11:35,39.974995,32.841223
T0089,11:40,39.974990,32.841250
T0089,11:45,39.974989,32.841235
T0089,11:50,39.974992,32.841243
T0089,11:55,39.974994,32.841222
T0089,12:00,39.975010,32.841249
T0089,12:05,39.974985,32.841240
T0089,12:10,39.974964,32.841220
T0089,12:15,39.974987,32.841264
T0089,12:20,39.974963,32.841269
T0089,12:25,39.974987,32.841212
T0089,12:30,39.974994,32.841250
T0089,12:35,39.974991,32.841232
T0089,12:40,39.974980,32.841244
T0089,12:45,39.974972,32.841241
T0089,12:50,39.974982,32.841232
T0089,12:55,39.974999,32.841235
T0089,13:00,39.974983,32.841248
T0089,13:05,39.974969,32.841236
T0089,13:10,39.964669,32.834344
T0089,13:15,39.954358,32.827434
T0089,13:20,39.944047,32.820532
T0089,13:25,39.933663,32.813781
T0089,13:30,39.923211,32.807286
T0090,14:00,40.008780,32.955842
T0090,14:05,40.008780,32.955794
T0090,14:10,40.008757,32.955773
T0090,14:15,40.008792,32.955801
T0090,14:20,40.008762,32.955817
T0090,14:25,40.008755,32.955802
T0090,14:30,40.008756,32.955789
T0090,14:35,40.002499,32.932324
T0090,14:40,40.002509,32.932313
T0090,14:45,40.002496,32.932315
T0090,14:50,40.002516,32.932289
T0090,14:55,39.996313,32.908601
T0090,15:00,39.996314,32.908584
T0090,15:05,39.996315,32.908564
T0090,15:10,39.996314,32.908578
T0090,15:15,39.996289,32.908619
T0090,15:20,39.996314,32.908623
T0090,15:25,39.996318,32.908591
T0090,15:30,39.996310,32.908601
T0090,15:35,39.996287,32.908587
T0090,15:40,39.996303,32.908592
T0090,15:45,39.996295,32.908626
T0090,15:50,39.982107,32.890815
T0090,15:55,39.960430,32.883286
T0090,16:00,39.939796,32.871105
T0091,13:35,39.915763,32.817369
T0091,13:40,39.915734,32.817339
T0091,13:45,39.915772,32.817392
T0091,13:50,39.915761,32.817370
T0091,13:55,39.927543,32.816827
T0091,14:00,39.927571,32.816816
T0091,14:05,39.927538,32.816836
T0091,14:10,39.927540,32.816800
T0091,14:15,39.927527,32.816846
T0091,14:20,39.927564,32.816831
T0091,14:25,39.927569,32.816833
T0091,14:30,39.927538,32.816832
T0091,14:35,39.927553,32.816824
T0091,14:40,39.927588,32.816804
T0091,14:45,39.927547,32.816810
T0091,14:50,39.927548,32.816808
T0091,14:55,39.927549,32.816842
T0091,15:00,39.927554,32.816853
T0091,15:05,39.927576,32.816819
T0091,15:10,39.927554,32.816830
T0091,15:15,39.927557,32.816797
T0091,15:20,39.927557,32.816826
T0091,15:25,39.927530,32.816831
T0091,15:30,39.927548,32.816791
T0091,15:35,39.927563,32.816822
T0092,11:45,39.915119,32.876567
T0092,11:50,39.920150,32.870271
T0092,11:55,39.920154,32.870231
T0092,12:00,39.920152,32.870245
T0092,12:05,39.920146,32.870256
T0092,12:10,39.915669,32.876963
T0092,12:15,39.915667,32.876949
T0092,12:20,39.915662,32.876983
T0092,12:25,39.915674,32.876965
T0092,12:30,39.915643,32.876997
T0092,12:35,39.915649,32.876952
T0092,12:40,39.921824,32.873415
T0092,12:45,39.921829,32.873425
T0092,12:50,39.921842,32.873440
T0092,12:55,39.914006,32.872991
T0092,13:00,39.921376,32.875862
T0092,13:05,39.921400,32.875865
T0092,13:10,39.921396,32.875875
T0092,13:15,39.921408,32.875876
T0092,13:20,39.915799,32.870793
T0092,13:25,39.919498,32.877772
T0092,13:30,39.919498,32.877767
T0092,13:35,39.919480,32.877754
T0092,13:40,39.919486,32.877789
T0092,13:45,39.920976,32.870727
T0093,10:00,39.905303,32.850349
T0093,10:05,39.904478,32.843846
T0093,10:10,39.904484,32.843851
T0093,10:15,39.904474,32.843822
T0093,10:20,39.904467,32.843819
T0093,10:25,39.909663,32.847326
T0093,10:30,39.904104,32.849592
T0093,10:35,39.904073,32.849570
T0093,10:40,39.904065,32.849587
T0093,10:45,39.904076,32.849555
T0093,10:50,39.904119,32.849563
T0093,10:55,39.904063,32.849567
T0093,11:00,39.907440,32.843695
T0093,11:05,39.907471,32.843646
T0093,11:10,39.907461,32.843664
T0093,11:15,39.907449,32.843696
T0093,11:20,39.907449,32.843691
T0093,11:25,39.904905,32.850298
T0093,11:30,39.907996,32.843892
T0093,11:35,39.908006,32.843904
T0093,11:40,39.907997,32.843954
T0093,11:45,39.904530,32.850219
T0093,11:50,39.904493,32.850230
T0093,11:55,39.904507,32.850251
T0093,12:00,39.904508,32.850220
T0094,12:30,39.900744,32.871554
T0094,12:35,39.900741,32.871564
T0094,12:40,39.900768,32.871591
T0094,12:45,39.900743,32.871535
T0094,12:50,39.900764,32.871542
T0094,12:55,39.900791,32.871584
T0094,13:00,39.900771,32.871564
T0094,13:05,39.900769,32.871546
T0094,13:10,39.900761,32.871583
T0094,13:15,39.900785,32.871543
T0094,13:20,39.900754,32.871560
T0094,13:25,39.900738,32.871572
T0094,13:30,39.900747,32.871550
T0094,13:35,39.900743,32.871589
T0094,13:40,39.900752,32.871540
T0094,13:45,39.900744,32.871562
T0094,13:50,39.900759,32.871563
T0094,13:55,39.900755,32.871547
T0094,14:00,39.900761,32.871598
T0094,14:05,39.900720,32.871565
T0094,14:10,39.900761,32.871575
T0094,14:15,39.900746,32.871581
T0094,14:20,39.900760,32.871558
T0094,14:25,39.900766,32.871568
T0094,14:30,39.900759,32.871570
T0095,13:45,39.985658,32.729519
T0095,13:50,39.985653,32.729521
T0095,13:55,39.985653,32.729512
T0095,14:00,39.985652,32.729525
T0095,14:05,39.985676,32.729506
T0095,14:10,39.985658,32.729513
T0095,14:15,39.985660,32.729547
T0095,14:20,39.985687,32.729521
T0095,14:25,39.985655,32.729532
T0095,14:30,39.985657,32.729532
T0095,14:35,39.985647,32.729516
T0095,14:40,39.985649,32.729537
T0095,14:45,39.985659,32.729531
T0095,14:50,39.985686,32.729519
T0095,14:55,39.985668,32.729551
T0095,15:00,39.985645,32.729534
T0095,15:05,39.985667,32.729509
T0095,15:10,39.985648,32.729545
T0095,15:15,39.972801,32.746495
T0095,15:20,39.959918,32.763516
T0095,15:25,39.947072,32.780528
T0095,15:30,39.934220,32.797515
T0095,15:35,39.921347,32.814509
T0095,15:40,39.910565,32.833319
T0095,15:45,39.903178,32.855175
T0096,10:05,40.008234,32.773372
T0096,10:10,40.008231,32.773348
T0096,10:15,40.008252,32.773394
T0096,10:20,40.008247,32.773355
T0096,10:25,40.008255,32.773414
T0096,10:30,40.008261,32.773396
T0096,10:35,40.008252,32.773372
T0096,10:40,40.008236,32.773410
T0096,10:45,40.008260,32.773382
T0096,10:50,40.008251,32.773345
T0096,10:55,40.008247,32.773367
T0096,11:00,40.008248,32.773370
T0096,11:05,40.008226,32.773367
T0096,11:10,40.008247,32.773377
T0096,11:15,40.008247,32.773401
T0096,11:20,40.008236,32.773393
T0096,11:25,39.997470,32.780426
T0096,11:30,39.986667,32.787376
T0096,11:35,39.975898,32.794405
T0096,11:40,39.965106,32.801438
T0096,11:45,39.954313,32.808465
T0096,11:50,39.943549,32.815428
T0096,11:55,39.932757,32.822437
T0096,12:00,39.921687,32.828671
T0096,12:05,39.910267,32.833583
T0097,13:25,39.920044,32.887249
T0097,13:30,39.920030,32.887228
T0097,13:35,39.920034,32.887300
T0097,13:40,39.920049,32.887228
T0097,13:45,39.920034,32.887209
T0097,13:50,39.920029,32.887233
T0097,13:55,39.920031,32.887255
T0097,14:00,39.920041,32.887245
T0097,14:05,39.920066,32.887245
T0097,14:10,39.920036,32.887261
T0097,14:15,39.906346,32.882380
T0097,14:20,39.906359,32.882353
T0097,14:25,39.906351,32.882373
T0097,14:30,39.906357,32.882366
T0097,14:35,39.906350,32.882362
T0097,14:40,39.906369,32.882417
T0097,14:45,39.906359,32.882334
T0097,14:50,39.906377,32.882357
T0097,14:55,39.906366,32.882359
T0097,15:00,39.906348,32.882340
T0097,15:05,39.906362,32.882360
T0097,15:10,39.906377,32.882370
T0097,15:15,39.906382,32.882349
T0097,15:20,39.906349,32.882361
T0097,15:25,39.906361,32.882366
T0098,11:20,39.949901,32.858750
T0098,11:25,39.949894,32.858766
T0098,11:30,39.949882,32.858764
T0098,11:35,39.940270,32.848383
T0098,11:40,39.932091,32.836073
T0098,11:45,39.932105,32.836008
T0098,11:50,39.932106,32.836043
T0098,11:55,39.932106,32.836020
T0098,12:00,39.932124,32.836058
T0098,12:05,39.932124,32.836040
T0098,12:10,39.932130,32.836016
T0098,12:15,39.932101,32.836003
T0098,12:20,39.932085,32.836038
T0098,12:25,39.932095,32.836031
T0098,12:30,39.932102,32.836053
T0098,12:35,39.932078,32.836022
T0098,12:40,39.932124,32.836024
T0098,12:45,39.932099,32.836064
T0098,12:50,39.932105,32.836044
T0098,12:55,39.932092,32.836022
T0098,13:00,39.932127,32.836024
T0098,13:05,39.932080,32.836039
T0098,13:10,39.932120,32.836058
T0098,13:15,39.932096,32.836057
T0098,13:20,39.932104,32.836038
T0099,12:05,39.948866,32.827908
T0099,12:10,39.948859,32.827922
T0099,12:15,39.948845,32.827879
T0099,12:20,39.948865,32.827884
T0099,12:25,39.948864,32.827921
T0099,12:30,39.948846,32.827870
T0099,12:35,39.948823,32.827919
T0099,12:40,39.948860,32.827917
T0099,12:45,39.948852,32.827899
T0099,12:50,39.948846,32.827910
T0099,12:55,39.948840,32.827926
T0099,13:00,39.948854,32.827905
T0099,13:05,39.948845,32.827911
T0099,13:10,39.948846,32.827918
T0099,13:15,39.948847,32.827920
T0099,13:20,39.948865,32.827943
T0099,13:25,39.948841,32.827930
T0099,13:30,39.948859,32.827933
T0099,13:35,39.948853,32.827898
T0099,13:40,39.948858,32.827919
T0099,13:45,39.948852,32.827907
T0099,13:50,39.948858,32.827934
T0099,13:55,39.948863,32.827908
T0099,14:00,39.948847,32.827900
T0099,14:05,39.948851,32.827916
T0100,11:45,39.866559,32.804960
T0100,11:50,39.866541,32.804953
T0100,11:55,39.866574,32.804928
T0100,12:00,39.866543,32.804934
T0100,12:05,39.866548,32.804953
T0100,12:10,39.866574,32.804959
T0100,12:15,39.866547,32.804954
T0100,12:20,39.866570,32.804958
T0100,12:25,39.866545,32.804962
T0100,12:30,39.866555,32.804983
T0100,12:35,39.866566,32.804940
T0100,12:40,39.866573,32.804914
T0100,12:45,39.866561,32.804973
T0100,12:50,39.866563,32.804945
T0100,12:55,39.866563,32.804963
T0100,13:00,39.866527,32.804951
T0100,13:05,39.866573,32.804928
T0100,13:10,39.866572,32.804970
T0100,13:15,39.866584,32.804952
T0100,13:20,39.866560,32.804914
T0100,13:25,39.866549,32.804950
T0100,13:30,39.881715,32.808481
T0100,13:35,39.896892,32.812040
T0100,13:40,39.912191,32.812487
T0100,13:45,39.927565,32.811103
T0101,12:50,39.852393,32.795919
T0101,12:55,39.852420,32.795928
T0101,13:00,39.852430,32.795945
T0101,13:05,39.852387,32.795916
T0101,13:10,39.852424,32.795942
T0101,13:15,39.852396,32.795941
T0101,13:20,39.852411,32.795925
T0101,13:25,39.852399,32.795902
T0101,13:30,39.852412,32.795982
T0101,13:35,39.852432,32.795948
T0101,13:40,39.852381,32.795907
T0101,13:45,39.852431,32.795953
T0101,13:50,39.852410,32.795942
T0101,13:55,39.852409,32.795957
T0101,14:00,39.852392,32.795944
T0101,14:05,39.852397,32.795968
T0101,14:10,39.852394,32.795917
T0101,14:15,39.865494,32.798984
T0101,14:20,39.878567,32.802017
T0101,14:25,39.891623,32.805026
T0101,14:30,39.904714,32.808049
T0101,14:35,39.904700,32.808043
T0101,14:40,39.917785,32.811082
T0101,14:45,39.930304,32.816566
T0101,14:50,39.942568,32.823257
T0102,12:00,39.937598,32.848184
T0102,12:05,39.937581,32.848140
T0102,12:10,39.937607,32.848163
T0102,12:15,39.937580,32.848156
T0102,12:20,39.937623,32.848175
T0102,12:25,39.937618,32.848182
T0102,12:30,39.937604,32.848168
T0102,12:35,39.937602,32.848171
T0102,12:40,39.937623,32.848146
T0102,12:45,39.937592,32.848168
T0102,12:50,39.937582,32.848164
T0102,12:55,39.937595,32.848190
T0102,13:00,39.937606,32.848158
T0102,13:05,39.937596,32.848180
T0102,13:10,39.937597,32.848177
T0102,13:15,39.937619,32.848158
T0102,13:20,39.937597,32.848181
T0102,13:25,39.937620,32.848207
T0102,13:30,39.937592,32.848184
T0102,13:35,39.937606,32.848195
T0102,13:40,39.937614,32.848178
T0102,13:45,39.937610,32.848177
T0102,13:50,39.937603,32.848206
T0102,13:55,39.937594,32.848195
T0102,14:00,39.937600,32.848172
T0103,11:30,39.900137,32.820623
T0103,11:35,39.900135,32.820648
T0103,11:40,39.900139,32.820637
T0103,11:45,39.900138,32.820663
T0103,11:50,39.900130,32.820639
T0103,11:55,39.900140,32.820638
T0103,12:00,39.900132,32.820629
T0103,12:05,39.900140,32.820657
T0103,12:10,39.900122,32.820640
T0103,12:15,39.900124,32.820626
T0103,12:20,39.900127,32.820629
T0103,12:25,39.900132,32.820655
T0103,12:30,39.911555,32.814290
T0103,12:35,39.922993,32.807769
T0103,12:40,39.922978,32.807770
T0103,12:45,39.922991,32.807782
T0103,12:50,39.922963,32.807789
T0103,12:55,39.922996,32.807808
T0103,13:00,39.923003,32.807786
T0103,13:05,39.922985,32.807810
T0103,13:10,39.922983,32.807802
T0103,13:15,39.922983,32.807798
T0103,13:20,39.922989,32.807790
T0103,13:25,39.922996,32.807763
T0103,13:30,39.922983,32.807784
T0104,13:05,39.930322,32.998563
T0104,13:10,39.930342,32.998586
T0104,13:15,39.930338,32.998592
T0104,13:20,39.930347,32.998573
T0104,13:25,39.930329,32.998576
T0104,13:30,39.930312,32.998585
T0104,13:35,39.930329,32.998593
T0104,13:40,39.930340,32.998608
T0104,13:45,39.930325,32.998586
T0104,13:50,39.930327,32.998604
T0104,13:55,39.930324,32.998589
T0104,14:00,39.930325,32.998566
T0104,14:05,39.930327,32.998578
T0104,14:10,39.930349,32.998614
T0104,14:15,39.930363,32.998567
T0104,14:20,39.930345,32.998607
T0104,14:25,39.930328,32.998578
T0104,14:30,39.930328,32.998595
T0104,14:35,39.924601,32.977445
T0104,14:40,39.918835,32.956292
T0104,14:45,39.913137,32.935159
T0104,14:50,39.907431,32.914002
T0104,14:55,39.901650,32.892890
T0104,15:00,39.896001,32.871691
T0104,15:05,39.890904,32.850299
T0105,11:45,39.921564,32.870211
T0105,11:50,39.921558,32.870189
T0105,11:55,39.921543,32.870209
T0105,12:00,39.921566,32.870220
T0105,12:05,39.921560,32.870182
T0105,12:10,39.921538,32.870207
T0105,12:15,39.921569,32.870183
T0105,12:20,39.921543,32.870191
T0105,12:25,39.921554,32.870185
T0105,12:30,39.921543,32.870179
T0105,12:35,39.921542,32.870186
T0105,12:40,39.921557,32.870212
T0105,12:45,39.921522,32.870179
T0105,12:50,39.921562,32.870194
T0105,12:55,39.921565,32.870173
T0105,13:00,39.921533,32.870160
T0105,13:05,39.921567,32.870190
T0105,13:10,39.921539,32.870230
T0105,13:15,39.921556,32.870235
T0105,13:20,39.921551,32.870178
T0105,13:25,39.921538,32.870226
T0105,13:30,39.921534,32.870204
T0105,13:35,39.921549,32.870240
T0105,13:40,39.921572,32.870197
T0105,13:45,39.921551,32.870197
T0106,10:05,39.855966,32.853979
T0106,10:10,39.855955,32.853958
T0106,10:15,39.855969,32.853963
T0106,10:20,39.855965,32.853996
T0106,10:25,39.855976,32.853991
T0106,10:30,39.855967,32.853966
T0106,10:35,39.855962,32.853987
T0106,10:40,39.855951,32.853974
T0106,10:45,39.855959,32.853963
T0106,10:50,39.855986,32.853994
T0106,10:55,39.855972,32.853970
T0106,11:00,39.855976,32.853960
T0106,11:05,39.855957,32.853935
T0106,11:10,39.855957,32.853975
T0106,11:15,39.855976,32.853979
T0106,11:20,39.855951,32.853981
T0106,11:25,39.855957,32.853976
T0106,11:30,39.855939,32.853916
T0106,11:35,39.855944,32.853963
T0106,11:40,39.855953,32.853949
T0106,11:45,39.855955,32.853926
T0106,11:50,39.856001,32.853941
T0106,11:55,39.855966,32.853990
T0106,12:00,39.885839,32.854506
T0106,12:05,39.915701,32.853710
T0107,10:25,39.941344,32.788809
T0107,10:30,39.941332,32.788787
T0107,10:35,39.941348,32.788797
T0107,10:40,39.941324,32.788768
T0107,10:45,39.941333,32.788807
T0107,10:50,39.941332,32.788801
T0107,10:55,39.941335,32.788826
T0107,11:00,39.941354,32.788825
T0107,11:05,39.941346,32.788796
T0107,11:10,39.941334,32.788805
T0107,11:15,39.941333,32.788803
T0107,11:20,39.941353,32.788802
T0107,11:25,39.941340,32.788803
T0107,11:30,39.941324,32.788785
T0107,11:35,39.941363,32.788846
T0107,11:40,39.941331,32.788784
T0107,11:45,39.941329,32.788785
T0107,11:50,39.941332,32.788812
T0107,11:55,39.941340,32.788779
T0107,12:00,39.941328,32.788798
T0107,12:05,39.940303,32.804517
T0107,12:10,39.939271,32.820227
T0107,12:15,39.938263,32.835950
T0107,12:20,39.937006,32.851581
T0107,12:25,39.934767,32.867079
T0108,11:30,39.992250,32.932279
T0108,11:35,39.992237,32.932267
T0108,11:40,39.992209,32.932302
T0108,11:45,39.992231,32.932307
T0108,11:50,39.992259,32.932266
T0108,11:55,39.992231,32.932310
T0108,12:00,39.992223,32.932305
T0108,12:05,39.992226,32.932300
T0108,12:10,39.992228,32.932260
T0108,12:15,39.992235,32.932307
T0108,12:20,39.992237,32.932316
T0108,12:25,39.992221,32.932262
T0108,12:30,39.992234,32.932307
T0108,12:35,39.992251,32.932280
T0108,12:40,39.992231,32.932297
T0108,12:45,39.992245,32.932281
T0108,12:50,39.992275,32.932283
T0108,12:55,39.984034,32.916037
T0108,13:00,39.975826,32.899807
T0108,13:05,39.967640,32.883551
T0108,13:10,39.959490,32.867311
T0108,13:15,39.951253,32.851120
T0108,13:20,39.943078,32.834880
T0108,13:25,39.934876,32.818614
T0108,13:30,39.922707,32.807870
T0109,13:35,39.837497,32.769583
T0109,13:40,39.837529,32.769569
T0109,13:45,39.837520,32.769580
T0109,13:50,39.837516,32.769573
T0109,13:55,39.837519,32.769600
T0109,14:00,39.837503,32.769601
T0109,14:05,39.837503,32.769530
T0109,14:10,39.837521,32.769588
T0109,14:15,39.837519,32.769579
T0109,14:20,39.837509,32.769577
T0109,14:25,39.837503,32.769582
T0109,14:30,39.837528,32.769579
T0109,14:35,39.837507,32.769583
T0109,14:40,39.837501,32.769572
T0109,14:45,39.837497,32.769568
T0109,14:50,39.837499,32.769579
T0109,14:55,39.837492,32.769587
T0109,15:00,39.837498,32.769596
T0109,15:05,39.837497,32.769579
T0109,15:10,39.848544,32.787627
T0109,15:15,39.859559,32.805737
T0109,15:20,39.870578,32.823829
T0109,15:25,39.881632,32.841878
T0109,15:30,39.892416,32.860146
T0109,15:35,39.898902,32.881636
T0110,13:45,39.937618,32.840574
T0110,13:50,39.922679,32.829000
T0110,13:55,39.906970,32.838764
T0110,14:00,39.904448,32.861224
T0110,14:05,39.917370,32.876437
T0110,14:10,39.934222,32.870920
T0110,14:15,39.940105,32.849609
T0110,14:20,39.940119,32.849556
T0110,14:25,39.929810,32.831323
T0110,14:30,39.912440,32.832353
T0110,14:35,39.903398,32.851757
T0110,14:40,39.910709,32.872292
T0110,14:45,39.910726,32.872290
T0110,14:50,39.927883,32.875807
T0110,14:55,39.939714,32.859187
T0110,15:00,39.935694,32.837110
T0110,15:05,39.919391,32.829178
T0110,15:10,39.905265,32.842408
T0110,15:15,39.905828,32.865067
T0110,15:20,39.920592,32.877083
T0110,15:25,39.936471,32.867806
T0110,15:30,39.939358,32.845453
T0110,15:35,39.926775,32.829836
T0110,15:40,39.909769,32.834795
T0110,15:45,39.903499,32.855949
T0111,12:25,39.920363,32.880971
T0111,12:30,39.920378,32.880991
T0111,12:35,39.920374,32.880978
T0111,12:40,39.920383,32.880960
T0111,12:45,39.920363,32.880986
T0111,12:50,39.920371,32.880973
T0111,12:55,39.920383,32.880966
T0111,13:00,39.920393,32.880961
T0111,13:05,39.920387,32.880979
T0111,13:10,39.920370,32.880963
T0111,13:15,39.920373,32.880992
T0111,13:20,39.920363,32.880967
T0111,13:25,39.914777,32.867085
T0111,13:30,39.912537,32.851389
T0111,13:35,39.912524,32.851385
T0111,13:40,39.912502,32.851418
T0111,13:45,39.912515,32.851365
T0111,13:50,39.912523,32.851391
T0111,13:55,39.912504,32.851397
T0111,14:00,39.912516,32.851386
T0111,14:05,39.912534,32.851406
T0111,14:10,39.912514,32.851418
T0111,14:15,39.912520,32.851396
T0111,14:20,39.912538,32.851398
T0111,14:25,39.912518,32.851390
T0112,10:35,39.873871,32.763970
T0112,10:40,39.873893,32.763981
T0112,10:45,39.873870,32.763916
T0112,10:50,39.873883,32.763943
T0112,10:55,39.873867,32.763975
T0112,11:00,39.873871,32.763943
T0112,11:05,39.873869,32.763925
T0112,11:10,39.873865,32.763954
T0112,11:15,39.873874,32.763928
T0112,11:20,39.873856,32.763941
T0112,11:25,39.873852,32.763952
T0112,11:30,39.873862,32.763961
T0112,11:35,39.873867,32.763929
T0112,11:40,39.873878,32.763979
T0112,11:45,39.873851,32.763919
T0112,11:50,39.873876,32.763956
T0112,11:55,39.873873,32.763941
T0112,12:00,39.873875,32.763925
T0112,12:05,39.883375,32.776032
T0112,12:10,39.892874,32.788195
T0112,12:15,39.902349,32.800298
T0112,12:20,39.911885,32.812415
T0112,12:25,39.921375,32.824527
T0112,12:30,39.929685,32.837874
T0112,12:35,39.936173,32.852969
T0113,13:35,39.988348,32.819922
T0113,13:40,39.988345,32.819934
T0113,13:45,39.988371,32.819898
T0113,13:50,39.988356,32.819922
T0113,13:55,39.988355,32.819929
T0113,14:00,39.988362,32.819943
T0113,14:05,39.988341,32.819923
T0113,14:10,39.988399,32.819936
T0113,14:15,39.988354,32.819951
T0113,14:20,39.988370,32.819958
T0113,14:25,39.988362,32.819959
T0113,14:30,39.988371,32.819901
T0113,14:35,39.988348,32.819914
T0113,14:40,39.988342,32.819943
T0113,14:45,39.988357,32.819922
T0113,14:50,39.988369,32.819943
T0113,14:55,39.988364,32.819956
T0113,15:00,39.988379,32.819949
T0113,15:05,39.977341,32.822282
T0113,15:10,39.966324,32.824569
T0113,15:15,39.955301,32.826900
T0113,15:20,39.944285,32.829222
T0113,15:25,39.933276,32.831532
T0113,15:30,39.922573,32.835338
T0113,15:35,39.912084,32.840374
T0114,12:30,39.902202,32.841323
T0114,12:35,39.902199,32.841307
T0114,12:40,39.902212,32.841303
T0114,12:45,39.902214,32.841273
T0114,12:50,39.902220,32.841302
T0114,12:55,39.902204,32.841330
T0114,13:00,39.902197,32.841335
T0114,13:05,39.898682,32.856277
T0114,13:10,39.900427,32.871740
T0114,13:15,39.900434,32.871735
T0114,13:20,39.900420,32.871724
T0114,13:25,39.900425,32.871692
T0114,13:30,39.900427,32.871730
T0114,13:35,39.900434,32.871689
T0114,13:40,39.900430,32.871696
T0114,13:45,39.900427,32.871720
T0114,13:50,39.900431,32.871730
T0114,13:55,39.900434,32.871682
T0114,14:00,39.900408,32.871726
T0114,14:05,39.900429,32.871703
T0114,14:10,39.900434,32.871699
T0114,14:15,39.900408,32.871698
T0114,14:20,39.900394,32.871763
T0114,14:25,39.900426,32.871700
T0114,14:30,39.900426,32.871710
T0115,12:25,39.832234,32.836011
T0115,12:30,39.832254,32.835996
T0115,12:35,39.832222,32.836025
T0115,12:40,39.832252,32.835995
T0115,12:45,39.832225,32.835997
T0115,12:50,39.832233,32.835980
T0115,12:55,39.832249,32.835999
T0115,13:00,39.832214,32.836003
T0115,13:05,39.832221,32.835996
T0115,13:10,39.832249,32.836003
T0115,13:15,39.832237,32.836023
T0115,13:20,39.832238,32.836009
T0115,13:25,39.832268,32.836009
T0115,13:30,39.832258,32.836013
T0115,13:35,39.832242,32.835991
T0115,13:40,39.832231,32.836015
T0115,13:45,39.832222,32.835989
T0115,13:50,39.832247,32.835975
T0115,13:55,39.832247,32.836003
T0115,14:00,39.832223,32.835990
T0115,14:05,39.832230,32.835990
T0115,14:10,39.832246,32.836022
T0115,14:15,39.859005,32.842009
T0115,14:20,39.885933,32.846563
T0115,14:25,39.912891,32.850854
T0116,13:00,39.990833,32.894845
T0116,13:05,39.990843,32.894880
T0116,13:10,39.990864,32.894853
T0116,13:15,39.990834,32.894876
T0116,13:20,39.990874,32.894846
T0116,13:25,39.990863,32.894850
T0116,13:30,39.990839,32.894869
T0116,13:35,39.990875,32.894869
T0116,13:40,39.990848,32.894875
T0116,13:45,39.990879,32.894829
T0116,13:50,39.990857,32.894825
T0116,13:55,39.990838,32.894853
T0116,14:00,39.990854,32.894847
T0116,14:05,39.990852,32.894844
T0116,14:10,39.990876,32.894848
T0116,14:15,39.990841,32.894877
T0116,14:20,39.990850,32.894873
T0116,14:25,39.980052,32.890983
T0116,14:30,39.969169,32.887041
T0116,14:35,39.958338,32.883199
T0116,14:40,39.947486,32.879261
T0116,14:45,39.936663,32.875422
T0116,14:50,39.936669,32.875435
T0116,14:55,39.925722,32.872400
T0116,15:00,39.914499,32.871609
T0117,10:00,39.896453,32.982171
T0117,10:05,39.896455,32.982188
T0117,10:10,39.896444,32.982170
T0117,10:15,39.896477,32.982176
T0117,10:20,39.896480,32.982174
T0117,10:25,39.896461,32.982181
T0117,10:30,39.896452,32.982196
T0117,10:35,39.896471,32.982182
T0117,10:40,39.896508,32.982190
T0117,10:45,39.896469,32.982170
T0117,10:50,39.896482,32.982170
T0117,10:55,39.896446,32.982162
T0117,11:00,39.896440,32.982206
T0117,11:05,39.896478,32.982184
T0117,11:10,39.896461,32.982176
T0117,11:15,39.896461,32.982222
T0117,11:20,39.896480,32.982174
T0117,11:25,39.898545,32.963323
T0117,11:30,39.900580,32.944419
T0117,11:35,39.902696,32.925520
T0117,11:40,39.904750,32.906624
T0117,11:45,39.906859,32.887739
T0117,11:50,39.906824,32.887713
T0117,11:55,39.908921,32.868840
T0117,12:00,39.904199,32.851000
T0118,11:55,39.961396,32.739991
T0118,12:00,39.961384,32.740006
T0118,12:05,39.961404,32.739987
T0118,12:10,39.961394,32.739971
T0118,12:15,39.961392,32.739960
T0118,12:20,39.961416,32.740005
T0118,12:25,39.961403,32.739974
T0118,12:30,39.961405,32.739992
T0118,12:35,39.961408,32.739968
T0118,12:40,39.961396,32.739986
T0118,12:45,39.961413,32.739981
T0118,12:50,39.961410,32.739989
T0118,12:55,39.961430,32.739990
T0118,13:00,39.961423,32.739980
T0118,13:05,39.961400,32.739974
T0118,13:10,39.961432,32.739978
T0118,13:15,39.953469,32.751350
T0118,13:20,39.945474,32.762744
T0118,13:25,39.945480,32.762758
T0118,13:30,39.937522,32.774113
T0118,13:35,39.929556,32.785505
T0118,13:40,39.921578,32.796875
T0118,13:45,39.913581,32.808189
T0118,13:50,39.905011,32.818789
T0118,13:55,39.896426,32.829362
T0119,12:05,39.896239,32.770044
T0119,12:10,39.896228,32.770032
T0119,12:15,39.896262,32.770004
T0119,12:20,39.896258,32.770021
T0119,12:25,39.896246,32.770024
T0119,12:30,39.896249,32.770020
T0119,12:35,39.896228,32.770028
T0119,12:40,39.896256,32.770014
T0119,12:45,39.896240,32.770008
T0119,12:50,39.896258,32.770001
T0119,12:55,39.896251,32.770035
T0119,13:00,39.896244,32.770051
T0119,13:05,39.896255,32.770023
T0119,13:10,39.896256,32.770067
T0119,13:15,39.896246,32.770021
T0119,13:20,39.896257,32.770042
T0119,13:25,39.896237,32.770043
T0119,13:30,39.896240,32.770000
T0119,13:35,39.896255,32.770066
T0119,13:40,39.904874,32.781927
T0119,13:45,39.913492,32.793824
T0119,13:50,39.922099,32.805720
T0119,13:55,39.930747,32.817598
T0119,14:00,39.939345,32.829496
T0119,14:05,39.948980,32.827575
T0120,10:35,39.936081,32.853210
T0120,10:40,39.936074,32.853187
T0120,10:45,39.936064,32.853187
T0120,10:50,39.936057,32.853188
T0120,10:55,39.936070,32.853183
T0120,11:00,39.936070,32.853196
T0120,11:05,39.936078,32.853193
T0120,11:10,39.936073,32.853198
T0120,11:15,39.936071,32.853189
T0120,11:20,39.936081,32.853210
T0120,11:25,39.936064,32.853191
T0120,11:30,39.936057,32.853183
T0120,11:35,39.936061,32.853224
T0120,11:40,39.936071,32.853212
T0120,11:45,39.936064,32.853207
T0120,11:50,39.936086,32.853192
T0120,11:55,39.936075,32.853224
T0120,12:00,39.936082,32.853216
T0120,12:05,39.936077,32.853213
T0120,12:10,39.936104,32.853195
T0120,12:15,39.936084,32.853191
T0120,12:20,39.936078,32.853193
T0120,12:25,39.936063,32.853187
T0120,12:30,39.936083,32.853194
T0120,12:35,39.936076,32.853192
T0121,10:25,39.842814,32.870358
T0121,10:30,39.842811,32.870386
T0121,10:35,39.842815,32.870405
T0121,10:40,39.842813,32.870367
T0121,10:45,39.842827,32.870349
T0121,10:50,39.842801,32.870380
T0121,10:55,39.842847,32.870381
T0121,11:00,39.842780,32.870398
T0121,11:05,39.842809,32.870358
T0121,11:10,39.842778,32.870415
T0121,11:15,39.842777,32.870383
T0121,11:20,39.842804,32.870424
T0121,11:25,39.842808,32.870369
T0121,11:30,39.842802,32.870403
T0121,11:35,39.842809,32.870388
T0121,11:40,39.842811,32.870381
T0121,11:45,39.854481,32.870959
T0121,11:50,39.866131,32.871481
T0121,11:55,39.877787,32.872006
T0121,12:00,39.889482,32.872592
T0121,12:05,39.889477,32.872559
T0121,12:10,39.901151,32.873098
T0121,12:15,39.912831,32.873686
T0121,12:20,39.924475,32.874207
T0121,12:25,39.934917,32.867418
T0122,12:10,39.974545,32.860920
T0122,12:15,39.974552,32.860905
T0122,12:20,39.974519,32.860878
T0122,12:25,39.974545,32.860873
T0122,12:30,39.974542,32.860912
T0122,12:35,39.974559,32.860869
T0122,12:40,39.974534,32.860865
T0122,12:45,39.974544,32.860883
T0122,12:50,39.974520,32.860913
T0122,12:55,39.966136,32.879286
T0122,13:00,39.966130,32.879271
T0122,13:05,39.966114,32.879295
T0122,13:10,39.966131,32.879269
T0122,13:15,39.951871,32.902975
T0122,13:20,39.951880,32.903018
T0122,13:25,39.951859,32.902987
T0122,13:30,39.951858,32.902996
T0122,13:35,39.951884,32.903007
T0122,13:40,39.951852,32.902944
T0122,13:45,39.951863,32.902976
T0122,13:50,39.951852,32.902957
T0122,13:55,39.951861,32.902992
T0122,14:00,39.951865,32.902952
T0122,14:05,39.932825,32.913761
T0122,14:10,39.925312,32.871833
T0123,12:45,40.041635,32.765499
T0123,12:50,40.041633,32.765521
T0123,12:55,40.041624,32.765461
T0123,13:00,40.041637,32.765522
T0123,13:05,40.041623,32.765538
T0123,13:10,40.041604,32.765482
T0123,13:15,40.041639,32.765531
T0123,13:20,40.041619,32.765516
T0123,13:25,40.041629,32.765510
T0123,13:30,40.041625,32.765544
T0123,13:35,40.041647,32.765543
T0123,13:40,40.041623,32.765501
T0123,13:45,40.041627,32.765512
T0123,13:50,40.041622,32.765512
T0123,13:55,40.041627,32.765495
T0123,14:00,40.041627,32.765477
T0123,14:05,40.041616,32.765527
T0123,14:10,40.028892,32.779927
T0123,14:15,40.016119,32.794337
T0123,14:20,40.003376,32.808764
T0123,14:25,39.990615,32.823201
T0123,14:30,39.977864,32.837629
T0123,14:35,39.965115,32.852027
T0123,14:40,39.952558,32.866704
T0123,14:45,39.943706,32.885437
T0124,12:05,39.831128,32.882288
T0124,12:10,39.831141,32.882245
T0124,12:15,39.831165,32.882256
T0124,12:20,39.831164,32.882233
T0124,12:25,39.831170,32.882241
T0124,12:30,39.831150,32.882237
T0124,12:35,39.831156,32.882214
T0124,12:40,39.831156,32.882223
T0124,12:45,39.831159,32.882227
T0124,12:50,39.831143,32.882225
T0124,12:55,39.831158,32.882197
T0124,13:00,39.831152,32.882250
T0124,13:05,39.831149,32.882210
T0124,13:10,39.831147,32.882262
T0124,13:15,39.831154,32.882243
T0124,13:20,39.831159,32.882236
T0124,13:25,39.831164,32.882251
T0124,13:30,39.831148,32.882221
T0124,13:35,39.846178,32.881525
T0124,13:40,39.861200,32.880830
T0124,13:45,39.876236,32.880132
T0124,13:50,39.891257,32.879426
T0124,13:55,39.891239,32.879400
T0124,14:00,39.905901,32.881079
T0124,14:05,39.919564,32.889240
T0125,13:50,39.928021,32.826447
T0125,13:55,39.928017,32.826453
T0125,14:00,39.928038,32.826417
T0125,14:05,39.928019,32.826414
T0125,14:10,39.928050,32.826447
T0125,14:15,39.928019,32.826434
T0125,14:20,39.928025,32.826430
T0125,14:25,39.928039,32.826434
T0125,14:30,39.928036,32.826447
T0125,14:35,39.928034,32.826456
T0125,14:40,39.928027,32.826413
T0125,14:45,39.928031,32.826453
T0125,14:50,39.928012,32.826454
T0125,14:55,39.928050,32.826420
T0125,15:00,39.928025,32.826447
T0125,15:05,39.928022,32.826414
T0125,15:10,39.928046,32.826428
T0125,15:15,39.928015,32.826432
T0125,15:20,39.928052,32.826431
T0125,15:25,39.928063,32.826435
T0125,15:30,39.928018,32.826446
T0125,15:35,39.928016,32.826455
T0125,15:40,39.928027,32.826418
T0125,15:45,39.928035,32.826424
T0125,15:50,39.928035,32.826437
T0126,12:40,39.919006,32.782376
T0126,12:45,39.918972,32.782397
T0126,12:50,39.918993,32.782410
T0126,12:55,39.918978,32.782349
T0126,13:00,39.918991,32.782383
T0126,13:05,39.919026,32.782367
T0126,13:10,39.919005,32.782370
T0126,13:15,39.919006,32.782387
T0126,13:20,39.918979,32.782383
T0126,13:25,39.919000,32.782403
T0126,13:30,39.918992,32.782386
T0126,13:35,39.919001,32.782391
T0126,13:40,39.919021,32.782405
T0126,13:45,39.918970,32.782370
T0126,13:50,39.918980,32.782376
T0126,13:55,39.918991,32.782385
T0126,14:00,39.919001,32.782393
T0126,14:05,39.918987,32.782353
T0126,14:10,39.918980,32.782413
T0126,14:15,39.918978,32.782360
T0126,14:20,39.924323,32.797142
T0126,14:25,39.929658,32.811802
T0126,14:30,39.934990,32.826559
T0126,14:35,39.940351,32.841237
T0126,14:40,39.949572,32.845970
T0127,10:05,39.915895,32.853887
T0127,10:10,39.915859,32.853937
T0127,10:15,39.915875,32.853920
T0127,10:20,39.915879,32.853901
T0127,10:25,39.915863,32.853908
T0127,10:30,39.915876,32.853906
T0127,10:35,39.915858,32.853908
T0127,10:40,39.915873,32.853931
T0127,10:45,39.915873,32.853911
T0127,10:50,39.915886,32.853869
T0127,10:55,39.915863,32.853900
T0127,11:00,39.915885,32.853876
T0127,11:05,39.915897,32.853913
T0127,11:10,39.915886,32.853898
T0127,11:15,39.915875,32.853898
T0127,11:20,39.915879,32.853906
T0127,11:25,39.915911,32.853935
T0127,11:30,39.915898,32.853913
T0127,11:35,39.915878,32.853938
T0127,11:40,39.915885,32.853894
T0127,11:45,39.915864,32.853931
T0127,11:50,39.915891,32.853942
T0127,11:55,39.915869,32.853913
T0127,12:00,39.915862,32.853901
T0127,12:05,39.915883,32.853918
T0128,10:20,39.935097,32.764472
T0128,10:25,39.935113,32.764499
T0128,10:30,39.935080,32.764485
T0128,10:35,39.935098,32.764476
T0128,10:40,39.935094,32.764520
T0128,10:45,39.935087,32.764494
T0128,10:50,39.935088,32.764486
T0128,10:55,39.935104,32.764473
T0128,11:00,39.935108,32.764492
T0128,11:05,39.935099,32.764514
T0128,11:10,39.935083,32.764485
T0128,11:15,39.935060,32.764480
T0128,11:20,39.935091,32.764488
T0128,11:25,39.935097,32.764510
T0128,11:30,39.935092,32.764532
T0128,11:35,39.935101,32.764504
T0128,11:40,39.935079,32.764499
T0128,11:45,39.935095,32.764518
T0128,11:50,39.935072,32.764483
T0128,11:55,39.927882,32.775269
T0128,12:00,39.920669,32.786035
T0128,12:05,39.913481,32.796786
T0128,12:10,39.906266,32.807516
T0128,12:15,39.899100,32.816799
T0128,12:20,39.892143,32.805749
T0129,11:30,39.982939,32.853862
T0129,11:35,39.982944,32.853868
T0129,11:40,39.982926,32.853870
T0129,11:45,39.982936,32.853859
T0129,11:50,39.982933,32.853875
T0129,11:55,39.982910,32.853891
T0129,12:00,39.982905,32.853881
T0129,12:05,39.982922,32.853864
T0129,12:10,39.982920,32.853892
T0129,12:15,39.982937,32.853873
T0129,12:20,39.982927,32.853884
T0129,12:25,39.982938,32.853868
T0129,12:30,39.982917,32.853891
T0129,12:35,39.982943,32.853863
T0129,12:40,39.982886,32.853881
T0129,12:45,39.982928,32.853871
T0129,12:50,39.982920,32.853873
T0129,12:55,39.982944,32.853904
T0129,13:00,39.982922,32.853864
T0129,13:05,39.982934,32.853885
T0129,13:10,39.971298,32.843747
T0129,13:15,39.959688,32.833613
T0129,13:20,39.948024,32.823495
T0129,13:25,39.936400,32.813388
T0129,13:30,39.923224,32.807450
T0130,12:05,39.980134,32.955945
T0130,12:10,39.980136,32.955957
T0130,12:15,39.980148,32.955948
T0130,12:20,39.980144,32.955972
T0130,12:25,39.980127,32.955952
T0130,12:30,39.980122,32.955981
T0130,12:35,39.980117,32.955957
T0130,12:40,39.980136,32.955937
T0130,12:45,39.980126,32.955970
T0130,12:50,39.980146,32.955925
T0130,12:55,39.980128,32.955950
T0130,13:00,39.980118,32.955924
T0130,13:05,39.980141,32.955968
T0130,13:10,39.980139,32.955986
T0130,13:15,39.980118,32.955952
T0130,13:20,39.980131,32.955952
T0130,13:25,39.980134,32.955944
T0130,13:30,39.980123,32.955940
T0130,13:35,39.973741,32.936947
T0130,13:40,39.967358,32.917959
T0130,13:45,39.960970,32.898955
T0130,13:50,39.954589,32.879982
T0130,13:55,39.948224,32.860977
T0130,14:00,39.941869,32.841928
T0130,14:05,39.948878,32.827762
T0131,10:00,39.904305,32.851044
T0131,10:05,39.904316,32.851014
T0131,10:10,39.904311,32.851056
T0131,10:15,39.904325,32.851065
T0131,10:20,39.904300,32.851079
T0131,10:25,39.904327,32.851111
T0131,10:30,39.904317,32.851080
T0131,10:35,39.904314,32.851076
T0131,10:40,39.904332,32.851102
T0131,10:45,39.904339,32.851056
T0131,10:50,39.904302,32.851052
T0131,10:55,39.904325,32.851046
T0131,11:00,39.904314,32.851097
T0131,11:05,39.904334,32.851081
T0131,11:10,39.904325,32.851047
T0131,11:15,39.904329,32.851070
T0131,11:20,39.904313,32.851065
T0131,11:25,39.904331,32.851061
T0131,11:30,39.904306,32.851064
T0131,11:35,39.904328,32.851090
T0131,11:40,39.904320,32.851047
T0131,11:45,39.904355,32.851042
T0131,11:50,39.904342,32.851083
T0131,11:55,39.904303,32.851056
T0131,12:00,39.904323,32.851075
T0132,10:45,39.887173,32.739721
T0132,10:50,39.887188,32.739728
T0132,10:55,39.887137,32.739728
T0132,11:00,39.887142,32.739713
T0132,11:05,39.887160,32.739738
T0132,11:10,39.887158,32.739751
T0132,11:15,39.887151,32.739745
T0132,11:20,39.887159,32.739716
T0132,11:25,39.887125,32.739704
T0132,11:30,39.887139,32.739707
T0132,11:35,39.887171,32.739705
T0132,11:40,39.887160,32.739707
T0132,11:45,39.887157,32.739691
T0132,11:50,39.887135,32.739702
T0132,11:55,39.887168,32.739705
T0132,12:00,39.887123,32.739713
T0132,12:05,39.895589,32.752831
T0132,12:10,39.904057,32.765975
T0132,12:15,39.912507,32.779055
T0132,12:20,39.920952,32.792180
T0132,12:25,39.929415,32.805302
T0132,12:30,39.937880,32.818429
T0132,12:35,39.937881,32.818421
T0132,12:40,39.942716,32.834269
T0132,12:45,39.947135,32.850389
T0133,11:20,39.905556,32.860731
T0133,11:25,39.912071,32.834362
T0133,11:30,39.933336,32.836095
T0133,11:35,39.937272,32.863339
T0133,11:40,39.918035,32.875109
T0133,11:45,39.904505,32.853770
T0133,11:50,39.917030,32.831350
T0133,11:55,39.936782,32.841579
T0133,12:00,39.934097,32.869060
T0133,12:05,39.934078,32.869062
T0133,12:10,39.913021,32.872474
T0133,12:15,39.905206,32.846715
T0133,12:20,39.922415,32.830472
T0133,12:25,39.938799,32.848137
T0133,12:30,39.929659,32.873228
T0133,12:35,39.908816,32.867976
T0133,12:40,39.907507,32.840269
T0133,12:45,39.927750,32.831857
T0133,12:50,39.939095,32.855263
T0133,12:55,39.939106,32.855274
T0133,13:00,39.939104,32.855262
T0133,13:05,39.924507,32.875402
T0133,13:10,39.905923,32.861979
T0133,13:15,39.911228,32.835179
T0133,13:20,39.932520,32.835249
T0134,12:05,39.989385,32.866410
T0134,12:10,39.989376,32.866375
T0134,12:15,39.989363,32.866329
T0134,12:20,39.989377,32.866374
T0134,12:25,39.989344,32.866403
T0134,12:30,39.989384,32.866382
T0134,12:35,39.989370,32.866377
T0134,12:40,39.989359,32.866380
T0134,12:45,39.989354,32.866384
T0134,12:50,39.989367,32.866398
T0134,12:55,39.989403,32.866382
T0134,13:00,39.989344,32.866367
T0134,13:05,39.989360,32.866374
T0134,13:10,39.989375,32.866352
T0134,13:15,39.989371,32.866398
T0134,13:20,39.989356,32.866366
T0134,13:25,39.989382,32.866392
T0134,13:30,39.989348,32.866381
T0134,13:35,39.977963,32.867826
T0134,13:40,39.966604,32.869266
T0134,13:45,39.955198,32.870685
T0134,13:50,39.943829,32.872125
T0134,13:55,39.932443,32.873561
T0134,14:00,39.921068,32.874962
T0134,14:05,39.919627,32.889179
T0135,14:00,40.003987,32.981199
T0135,14:05,40.003983,32.981238
T0135,14:10,40.003989,32.981189
T0135,14:15,40.003980,32.981207
T0135,14:20,40.003987,32.981220
T0135,14:25,40.004016,32.981228
T0135,14:30,40.003991,32.981194
T0135,14:35,40.003989,32.981231
T0135,14:40,40.003980,32.981207
T0135,14:45,40.004002,32.981204
T0135,14:50,40.003978,32.981204
T0135,14:55,40.003987,32.981216
T0135,15:00,40.004010,32.981226
T0135,15:05,40.003999,32.981205
T0135,15:10,40.004007,32.981214
T0135,15:15,40.004008,32.981205
T0135,15:20,39.994643,32.963745
T0135,15:25,39.985291,32.946297
T0135,15:30,39.985310,32.946272
T0135,15:35,39.975948,32.928835
T0135,15:40,39.966613,32.911363
T0135,15:45,39.957293,32.893937
T0135,15:50,39.947903,32.876442
T0135,15:55,39.941068,32.857553
T0135,16:00,39.937658,32.836734
T0136,11:35,39.940843,32.780030
T0136,11:40,39.940823,32.779979
T0136,11:45,39.940812,32.780003
T0136,11:50,39.940827,32.780013
T0136,11:55,39.940851,32.780000
T0136,12:00,39.940824,32.779982
T0136,12:05,39.940837,32.780001
T0136,12:10,39.940863,32.780007
T0136,12:15,39.940816,32.779983
T0136,12:20,39.940821,32.779996
T0136,12:25,39.940840,32.780023
T0136,12:30,39.940823,32.779989
T0136,12:35,39.940870,32.779976
T0136,12:40,39.940831,32.779981
T0136,12:45,39.940836,32.780014
T0136,12:50,39.940840,32.780001
T0136,12:55,39.940819,32.779989
T0136,13:00,39.940804,32.780000
T0136,13:05,39.939582,32.794044
T0136,13:10,39.938339,32.808093
T0136,13:15,39.937086,32.822173
T0136,13:20,39.935802,32.836220
T0136,13:25,39.935815,32.836158
T0136,13:30,39.933690,32.850025
T0136,13:35,39.930595,32.863564
T0137,11:05,39.906740,32.875792
T0137,11:10,39.906758,32.875782
T0137,11:15,39.906747,32.875794
T0137,11:20,39.906759,32.875795
T0137,11:25,39.906768,32.875755
T0137,11:30,39.906783,32.875772
T0137,11:35,39.906742,32.875787
T0137,11:40,39.906766,32.875793
T0137,11:45,39.906769,32.875796
T0137,11:50,39.906745,32.875780
T0137,11:55,39.906737,32.875762
T0137,12:00,39.906759,32.875779
T0137,12:05,39.906762,32.875775
T0137,12:10,39.906747,32.875778
T0137,12:15,39.906761,32.875801
T0137,12:20,39.906756,32.875790
T0137,12:25,39.906751,32.875774
T0137,12:30,39.906773,32.875771
T0137,12:35,39.906766,32.875771
T0137,12:40,39.906747,32.875767
T0137,12:45,39.906769,32.875792
T0137,12:50,39.906769,32.875759
T0137,12:55,39.906780,32.875794
T0137,13:00,39.906778,32.875743
T0137,13:05,39.906753,32.875783
T0138,11:05,39.959327,32.908832
T0138,11:10,39.959345,32.908839
T0138,11:15,39.959330,32.908788
T0138,11:20,39.959339,32.908822
T0138,11:25,39.959353,32.908843
T0138,11:30,39.959344,32.908846
T0138,11:35,39.959323,32.908855
T0138,11:40,39.959333,32.908805
T0138,11:45,39.959365,32.908808
T0138,11:50,39.959342,32.908810
T0138,11:55,39.959366,32.908792
T0138,12:00,39.959357,32.908820
T0138,12:05,39.959311,32.908829
T0138,12:10,39.959352,32.908826
T0138,12:15,39.959352,32.908837
T0138,12:20,39.959352,32.908841
T0138,12:25,39.959370,32.908819
T0138,12:30,39.959312,32.908840
T0138,12:35,39.959344,32.908812
T0138,12:40,39.950310,32.900841
T0138,12:45,39.941291,32.892847
T0138,12:50,39.932243,32.884887
T0138,12:55,39.923235,32.876840
T0138,13:00,39.914225,32.868860
T0138,13:05,39.906901,32.876660
T0139,11:20,39.970616,32.840192
T0139,11:25,39.970616,32.840204
T0139,11:30,39.970611,32.840201
T0139,11:35,39.970604,32.840180
T0139,11:40,39.970606,32.840136
T0139,11:45,39.970618,32.840203
T0139,11:50,39.970605,32.840162
T0139,11:55,39.970605,32.840154
T0139,12:00,39.970598,32.840201
T0139,12:05,39.970624,32.840159
T0139,12:10,39.970619,32.840179
T0139,12:15,39.970612,32.840217
T0139,12:20,39.970616,32.840191
T0139,12:25,39.970610,32.840194
T0139,12:30,39.970604,32.840192
T0139,12:35,39.970624,32.840176
T0139,12:40,39.970596,32.840194
T0139,12:45,39.970615,32.840178
T0139,12:50,39.970620,32.840185
T0139,12:55,39.970606,32.840184
T0139,13:00,39.957289,32.836289
T0139,13:05,39.943950,32.832427
T0139,13:10,39.930597,32.828477
T0139,13:15,39.917317,32.824575
T0139,13:20,39.904098,32.828368
T0140,11:10,39.922322,32.880713
T0140,11:15,39.922351,32.880690
T0140,11:20,39.922340,32.880707
T0140,11:25,39.922313,32.880758
T0140,11:30,39.922327,32.880720
T0140,11:35,39.922329,32.880689
T0140,11:40,39.922327,32.880748
T0140,11:45,39.922337,32.880717
T0140,11:50,39.922325,32.880695
T0140,11:55,39.922361,32.880724
T0140,12:00,39.922351,32.880720
T0140,12:05,39.922354,32.880723
T0140,12:10,39.922324,32.880750
T0140,12:15,39.922310,32.880705
T0140,12:20,39.922347,32.880716
T0140,12:25,39.922343,32.880685
T0140,12:30,39.922349,32.880721
T0140,12:35,39.922370,32.880735
T0140,12:40,39.922334,32.880732
T0140,12:45,39.922321,32.880723
T0140,12:50,39.922323,32.880744
T0140,12:55,39.922357,32.880733
T0140,13:00,39.922354,32.880717
T0140,13:05,39.922330,32.880741
T0140,13:10,39.922335,32.880723
T0141,13:35,39.897889,32.867139
T0141,13:40,39.897905,32.867138
T0141,13:45,39.897915,32.867145
T0141,13:50,39.897895,32.867135
T0141,13:55,39.897916,32.867142
T0141,14:00,39.897907,32.867127
T0141,14:05,39.905810,32.855026
T0141,14:10,39.911802,32.841065
T0141,14:15,39.911808,32.841096
T0141,14:20,39.911777,32.841121
T0141,14:25,39.911771,32.841104
T0141,14:30,39.911779,32.841092
T0141,14:35,39.911788,32.841118
T0141,14:40,39.911781,32.841114
T0141,14:45,39.911780,32.841096
T0141,14:50,39.911789,32.841096
T0141,14:55,39.911805,32.841083
T0141,15:00,39.911763,32.841078
T0141,15:05,39.911782,32.841110
T0141,15:10,39.911803,32.841063
T0141,15:15,39.911803,32.841128
T0141,15:20,39.911786,32.841085
T0141,15:25,39.911808,32.841119
T0141,15:30,39.911783,32.841082
T0141,15:35,39.911796,32.841092
T0142,11:55,39.896670,32.829261
T0142,12:00,39.896685,32.829249
T0142,12:05,39.896660,32.829286
T0142,12:10,39.896659,32.829271
T0142,12:15,39.896685,32.829281
T0142,12:20,39.896658,32.829305
T0142,12:25,39.896670,32.829304
T0142,12:30,39.896678,32.829283
T0142,12:35,39.896658,32.829286
T0142,12:40,39.896673,32.829277
T0142,12:45,39.896644,32.829305
T0142,12:50,39.896683,32.829294
T0142,12:55,39.896672,32.829287
T0142,13:00,39.896656,32.829271
T0142,13:05,39.896650,32.829290
T0142,13:10,39.896658,32.829268
T0142,13:15,39.896686,32.829301
T0142,13:20,39.896687,32.829299
T0142,13:25,39.896692,32.829273
T0142,13:30,39.896687,32.829285
T0142,13:35,39.896661,32.829289
T0142,13:40,39.896678,32.829258
T0142,13:45,39.896691,32.829297
T0142,13:50,39.896663,32.829274
T0142,13:55,39.896673,32.829281
T0143,11:55,39.861212,32.777341
T0143,12:00,39.861230,32.777306
T0143,12:05,39.861230,32.777307
T0143,12:10,39.861221,32.777352
T0143,12:15,39.861215,32.777334
T0143,12:20,39.861203,32.777315
T0143,12:25,39.861223,32.777335
T0143,12:30,39.861225,32.777329
T0143,12:35,39.861220,32.777323
T0143,12:40,39.861227,32.777318
T0143,12:45,39.861219,32.777315
T0143,12:50,39.861224,32.777321
T0143,12:55,39.861221,32.777333
T0143,13:00,39.861227,32.777331
T0143,13:05,39.861214,32.777341
T0143,13:10,39.861232,32.777328
T0143,13:15,39.861204,32.777332
T0143,13:20,39.861233,32.777316
T0143,13:25,39.861195,32.777311
T0143,13:30,39.870659,32.793993
T0143,13:35,39.880037,32.810711
T0143,13:40,39.889449,32.827382
T0143,13:45,39.898856,32.844061
T0143,13:50,39.908252,32.860762
T0143,13:55,39.899174,32.873338
T0144,13:35,39.908521,32.925312
T0144,13:40,39.908531,32.925333
T0144,13:45,39.908513,32.925339
T0144,13:50,39.908522,32.925365
T0144,13:55,39.908518,32.925338
T0144,14:00,39.908527,32.925319
T0144,14:05,39.908539,32.925372
T0144,14:10,39.908501,32.925379
T0144,14:15,39.908535,32.925336
T0144,14:20,39.908504,32.925376
T0144,14:25,39.908532,32.925366
T0144,14:30,39.908520,32.925354
T0144,14:35,39.908519,32.925312
T0144,14:40,39.908533,32.925331
T0144,14:45,39.908524,32.925331
T0144,14:50,39.908518,32.925356
T0144,14:55,39.908519,32.925339
T0144,15:00,39.908510,32.925345
T0144,15:05,39.908247,32.911063
T0144,15:10,39.907956,32.896793
T0144,15:15,39.907960,32.896769
T0144,15:20,39.907692,32.882450
T0144,15:25,39.907405,32.868185
T0144,15:30,39.908168,32.854107
T0144,15:35,39.911894,32.840685
T0145,10:25,39.936668,32.804116
T0145,10:30,39.936649,32.804150
T0145,10:35,39.936651,32.804115
T0145,10:40,39.936668,32.804122
T0145,10:45,39.936637,32.804155
T0145,10:50,39.936660,32.804115
T0145,10:55,39.936624,32.804127
T0145,11:00,39.936668,32.804107
T0145,11:05,39.936649,32.804132
T0145,11:10,39.936643,32.804127
T0145,11:15,39.936638,32.804110
T0145,11:20,39.936614,32.804123
T0145,11:25,39.936657,32.804099
T0145,11:30,39.936639,32.804124
T0145,11:35,39.936665,32.804134
T0145,11:40,39.936630,32.804130
T0145,11:45,39.936636,32.804118
T0145,11:50,39.936660,32.804147
T0145,11:55,39.936655,32.804138
T0145,12:00,39.936660,32.804140
T0145,12:05,39.936615,32.804120
T0145,12:10,39.938883,32.820213
T0145,12:15,39.941126,32.836271
T0145,12:20,39.938237,32.852027
T0145,12:25,39.934796,32.867726
T0146,10:45,39.929254,32.782562
T0146,10:50,39.929255,32.782553
T0146,10:55,39.929290,32.782534
T0146,11:00,39.929266,32.782562
T0146,11:05,39.929280,32.782592
T0146,11:10,39.929272,32.782530
T0146,11:15,39.929275,32.782536
T0146,11:20,39.929268,32.782528
T0146,11:25,39.929255,32.782538
T0146,11:30,39.929261,32.782570
T0146,11:35,39.929266,32.782560
T0146,11:40,39.929274,32.782558
T0146,11:45,39.929266,32.782537
T0146,11:50,39.929307,32.782580
T0146,11:55,39.929252,32.782548
T0146,12:00,39.929273,32.782555
T0146,12:05,39.929285,32.782578
T0146,12:10,39.929280,32.782558
T0146,12:15,39.929257,32.782552
T0146,12:20,39.929289,32.782537
T0146,12:25,39.929295,32.782525
T0146,12:30,39.933530,32.799627
T0146,12:35,39.937769,32.816652
T0146,12:40,39.942254,32.833617
T0146,12:45,39.947451,32.850202
T0147,11:30,39.925477,32.838756
T0147,11:35,39.925440,32.838764
T0147,11:40,39.925433,32.838766
T0147,11:45,39.925440,32.838787
T0147,11:50,39.925432,32.838771
T0147,11:55,39.925410,32.838773
T0147,12:00,39.925444,32.838736
T0147,12:05,39.925450,32.838739
T0147,12:10,39.925444,32.838751
T0147,12:15,39.925475,32.838745
T0147,12:20,39.925455,32.838749
T0147,12:25,39.925446,32.838709
T0147,12:30,39.914686,32.845683
T0147,12:35,39.914697,32.845678
T0147,12:40,39.914694,32.845651
T0147,12:45,39.914700,32.845683
T0147,12:50,39.914707,32.845665
T0147,12:55,39.914684,32.845651
T0147,13:00,39.914698,32.845670
T0147,13:05,39.914712,32.845646
T0147,13:10,39.914700,32.845643
T0147,13:15,39.914689,32.845694
T0147,13:20,39.914701,32.845687
T0147,13:25,39.914680,32.845686
T0147,13:30,39.914693,32.845684
T0148,11:35,39.930904,32.863584
T0148,11:40,39.930870,32.863606
T0148,11:45,39.930876,32.863579
T0148,11:50,39.930911,32.863619
T0148,11:55,39.930905,32.863595
T0148,12:00,39.930902,32.863610
T0148,12:05,39.930896,32.863593
T0148,12:10,39.930918,32.863619
T0148,12:15,39.930882,32.863609
T0148,12:20,39.930883,32.863580
T0148,12:25,39.930887,32.863644
T0148,12:30,39.930879,32.863600
T0148,12:35,39.930883,32.863595
T0148,12:40,39.930892,32.863590
T0148,12:45,39.930891,32.863603
T0148,12:50,39.930882,32.863627
T0148,12:55,39.930881,32.863607
T0148,13:00,39.930890,32.863590
T0148,13:05,39.930885,32.863581
T0148,13:10,39.930900,32.863610
T0148,13:15,39.930891,32.863611
T0148,13:20,39.930882,32.863581
T0148,13:25,39.930900,32.863608
T0148,13:30,39.930870,32.863625
T0148,13:35,39.930880,32.863596
T0149,10:45,39.932940,32.917551
T0149,10:50,39.932921,32.917545
T0149,10:55,39.932952,32.917539
T0149,11:00,39.932945,32.917586
T0149,11:05,39.932961,32.917529
T0149,11:10,39.932964,32.917561
T0149,11:15,39.932960,32.917543
T0149,11:20,39.932957,32.917547
T0149,11:25,39.932937,32.917541
T0149,11:30,39.932956,32.917542
T0149,11:35,39.932952,32.917535
T0149,11:40,39.932950,32.917548
T0149,11:45,39.932927,32.917547
T0149,11:50,39.932935,32.917552
T0149,11:55,39.932943,32.917555
T0149,12:00,39.932948,32.917593
T0149,12:05,39.932957,32.917537
T0149,12:10,39.932949,32.917538
T0149,12:15,39.932931,32.917586
T0149,12:20,39.932944,32.917526
T0149,12:25,39.932958,32.917525
T0149,12:30,39.936594,32.900829
T0149,12:35,39.940277,32.884171
T0149,12:40,39.943920,32.867432
T0149,12:45,39.947603,32.850742
T0150,14:00,39.937478,32.836259
T0150,14:05,39.937457,32.836222
T0150,14:10,39.937478,32.836210
T0150,14:15,39.937476,32.836240
T0150,14:20,39.937490,32.836241
T0150,14:25,39.937491,32.836245
T0150,14:30,39.937489,32.836229
T0150,14:35,39.937484,32.836213
T0150,14:40,39.937457,32.836229
T0150,14:45,39.937479,32.836233
T0150,14:50,39.937477,32.836214
T0150,14:55,39.937489,32.836212
T0150,15:00,39.937502,32.836234
T0150,15:05,39.937475,32.836224
T0150,15:10,39.937491,32.836247
T0150,15:15,39.937492,32.836222
T0150,15:20,39.937481,32.836207
T0150,15:25,39.937473,32.836235
T0150,15:30,39.937489,32.836229
T0150,15:35,39.937491,32.836243
T0150,15:40,39.937468,32.836214
T0150,15:45,39.937514,32.836204
T0150,15:50,39.937491,32.836208
T0150,15:55,39.937492,32.836240
T0150,16:00,39.937482,32.836220
T0151,10:40,39.859225,32.770415
T0151,10:45,39.859210,32.770382
T0151,10:50,39.859225,32.770361
T0151,10:55,39.859240,32.770396
T0151,11:00,39.859228,32.770392
T0151,11:05,39.859222,32.770385
T0151,11:10,39.859238,32.770405
T0151,11:15,39.859218,32.770381
T0151,11:20,39.859244,32.770370
T0151,11:25,39.859234,32.770390
T0151,11:30,39.859236,32.770383
T0151,11:35,39.859220,32.770387
T0151,11:40,39.859248,32.770396
T0151,11:45,39.859223,32.770411
T0151,11:50,39.859270,32.770369
T0151,11:55,39.859216,32.770389
T0151,12:00,39.859205,32.770394
T0151,12:05,39.859209,32.770361
T0151,12:10,39.867459,32.786290
T0151,12:15,39.875720,32.802205
T0151,12:20,39.883918,32.818073
T0151,12:25,39.892164,32.833970
T0151,12:30,39.900402,32.849918
T0151,12:35,39.908641,32.865800
T0151,12:40,39.902865,32.880403
T0152,14:00,39.928871,32.904163
T0152,14:05,39.928905,32.904158
T0152,14:10,39.928879,32.904165
T0152,14:15,39.928898,32.904147
T0152,14:20,39.928883,32.904181
T0152,14:25,39.928885,32.904145
T0152,14:30,39.928859,32.904137
T0152,14:35,39.928876,32.904154
T0152,14:40,39.928883,32.904177
T0152,14:45,39.928880,32.904139
T0152,14:50,39.928886,32.904170
T0152,14:55,39.928886,32.904148
T0152,15:00,39.928884,32.904134
T0152,15:05,39.928863,32.904182
T0152,15:10,39.928891,32.904186
T0152,15:15,39.928892,32.904139
T0152,15:20,39.928888,32.904139
T0152,15:25,39.928888,32.904155
T0152,15:30,39.928894,32.904133
T0152,15:35,39.928897,32.904165
T0152,15:40,39.928893,32.904146
T0152,15:45,39.932893,32.887525
T0152,15:50,39.936905,32.870921
T0152,15:55,39.939546,32.854184
T0152,16:00,39.937333,32.836980
T0153,10:05,39.918285,32.868171
T0153,10:10,39.918274,32.868166
T0153,10:15,39.918296,32.868158
T0153,10:20,39.918320,32.868138
T0153,10:25,39.918315,32.868150
T0153,10:30,39.915417,32.853504
T0153,10:35,39.915435,32.853518
T0153,10:40,39.915422,32.853558
T0153,10:45,39.915408,32.853560
T0153,10:50,39.915435,32.853540
T0153,10:55,39.915415,32.853537
T0153,11:00,39.915433,32.853533
T0153,11:05,39.915433,32.853535
T0153,11:10,39.915457,32.853566
T0153,11:15,39.915423,32.853562
T0153,11:20,39.915422,32.853556
T0153,11:25,39.915440,32.853535
T0153,11:30,39.915447,32.853556
T0153,11:35,39.915458,32.853557
T0153,11:40,39.915427,32.853507
T0153,11:45,39.915460,32.853543
T0153,11:50,39.915439,32.853528
T0153,11:55,39.915438,32.853555
T0153,12:00,39.915415,32.853560
T0153,12:05,39.915438,32.853542
T0154,10:35,39.932777,32.922458
T0154,10:40,39.932745,32.922481
T0154,10:45,39.932748,32.922461
T0154,10:50,39.932750,32.922491
T0154,10:55,39.932772,32.922473
T0154,11:00,39.932751,32.922458
T0154,11:05,39.932775,32.922461
T0154,11:10,39.932772,32.922464
T0154,11:15,39.932764,32.922486
T0154,11:20,39.932768,32.922488
T0154,11:25,39.932770,32.922464
T0154,11:30,39.932766,32.922525
T0154,11:35,39.932760,32.922473
T0154,11:40,39.932756,32.922468
T0154,11:45,39.932745,32.922437
T0154,11:50,39.932764,32.922491
T0154,11:55,39.932750,32.922479
T0154,12:00,39.932762,32.922477
T0154,12:05,39.932737,32.922462
T0154,12:10,39.932764,32.922458
T0154,12:15,39.931870,32.908288
T0154,12:20,39.930961,32.894086
T0154,12:25,39.930104,32.879849
T0154,12:30,39.931562,32.866213
T0154,12:35,39.936193,32.853347
T0155,14:00,39.959916,32.815374
T0155,14:05,39.959963,32.815350
T0155,14:10,39.959923,32.815347
T0155,14:15,39.959928,32.815386
T0155,14:20,39.959933,32.815393
T0155,14:25,39.959937,32.815346
T0155,14:30,39.959939,32.815356
T0155,14:35,39.959925,32.815367
T0155,14:40,39.959923,32.815366
T0155,14:45,39.959923,32.815377
T0155,14:50,39.959956,32.815350
T0155,14:55,39.959909,32.815382
T0155,15:00,39.959938,32.815357
T0155,15:05,39.959925,32.815375
T0155,15:10,39.959919,32.815364
T0155,15:15,39.959944,32.815358
T0155,15:20,39.959924,32.815340
T0155,15:25,39.959943,32.815380
T0155,15:30,39.959922,32.815359
T0155,15:35,39.959946,32.815356
T0155,15:40,39.953648,32.826947
T0155,15:45,39.947351,32.838503
T0155,15:50,39.941077,32.850123
T0155,15:55,39.934789,32.861679
T0155,16:00,39.939988,32.870932
T0156,10:00,39.907665,32.917576
T0156,10:05,39.907701,32.917584
T0156,10:10,39.907703,32.917591
T0156,10:15,39.907703,32.917576
T0156,10:20,39.907690,32.917587
T0156,10:25,39.907690,32.917599
T0156,10:30,39.907702,32.917609
T0156,10:35,39.907708,32.917597
T0156,10:40,39.907707,32.917625
T0156,10:45,39.907696,32.917586
T0156,10:50,39.907678,32.917625
T0156,10:55,39.907696,32.917594
T0156,11:00,39.907700,32.917615
T0156,11:05,39.907699,32.917587
T0156,11:10,39.907706,32.917587
T0156,11:15,39.907690,32.917608
T0156,11:20,39.907675,32.917604
T0156,11:25,39.907668,32.917579
T0156,11:30,39.907669,32.917638
T0156,11:35,39.907695,32.917632
T0156,11:40,39.907672,32.917624
T0156,11:45,39.910145,32.900638
T0156,11:50,39.912597,32.883644
T0156,11:55,39.908796,32.867217
T0156,12:00,39.904513,32.850854
T0157,10:25,39.940881,33.006910
T0157,10:30,39.940834,33.006902
T0157,10:35,39.940861,33.006906
T0157,10:40,39.940856,33.006906
T0157,10:45,39.940848,33.006911
T0157,10:50,39.940861,33.006870
T0157,10:55,39.940865,33.006870
T0157,11:00,39.940866,33.006910
T0157,11:05,39.940876,33.006925
T0157,11:10,39.940886,33.006912
T0157,11:15,39.940849,33.006903
T0157,11:20,39.940871,33.006935
T0157,11:25,39.940853,33.006871
T0157,11:30,39.940857,33.006920
T0157,11:35,39.940851,33.006904
T0157,11:40,39.940848,33.006916
T0157,11:45,39.940863,33.006889
T0157,11:50,39.934185,32.985656
T0157,11:55,39.927509,32.964426
T0157,12:00,39.927539,32.964376
T0157,12:05,39.920838,32.943169
T0157,12:10,39.914185,32.921953
T0157,12:15,39.907472,32.900676
T0157,12:20,39.900776,32.879451
T0157,12:25,39.892428,32.859306
T0158,11:50,39.794953,32.868110
T0158,11:55,39.794931,32.868153
T0158,12:00,39.794982,32.868149
T0158,12:05,39.794946,32.868184
T0158,12:10,39.794941,32.868149
T0158,12:15,39.794940,32.868137
T0158,12:20,39.794940,32.868173
T0158,12:25,39.794949,32.868143
T0158,12:30,39.794936,32.868181
T0158,12:35,39.794935,32.868205
T0158,12:40,39.794917,32.868147
T0158,12:45,39.794926,32.868148
T0158,12:50,39.794936,32.868144
T0158,12:55,39.794941,32.868188
T0158,13:00,39.794937,32.868164
T0158,13:05,39.794914,32.868165
T0158,13:10,39.811620,32.873144
T0158,13:15,39.828240,32.878095
T0158,13:20,39.844948,32.883030
T0158,13:25,39.861625,32.887947
T0158,13:30,39.878282,32.892884
T0158,13:35,39.878293,32.892931
T0158,13:40,39.894945,32.897848
T0158,13:45,39.911608,32.902842
T0158,13:50,39.928518,32.906134
T0159,12:55,39.850898,32.866930
T0159,13:00,39.850888,32.866948
T0159,13:05,39.850889,32.866936
T0159,13:10,39.850891,32.866943
T0159,13:15,39.850880,32.866932
T0159,13:20,39.850874,32.866927
T0159,13:25,39.850867,32.866906
T0159,13:30,39.850886,32.866931
T0159,13:35,39.850900,32.866948
T0159,13:40,39.850880,32.866892
T0159,13:45,39.850881,32.866962
T0159,13:50,39.850901,32.866975
T0159,13:55,39.850918,32.866918
T0159,14:00,39.850892,32.866951
T0159,14:05,39.850862,32.866942
T0159,14:10,39.850863,32.866916
T0159,14:15,39.850873,32.866961
T0159,14:20,39.850886,32.866930
T0159,14:25,39.850886,32.866971
T0159,14:30,39.850884,32.866948
T0159,14:35,39.850897,32.866920
T0159,14:40,39.850884,32.866942
T0159,14:45,39.850855,32.866934
T0159,14:50,39.878248,32.856553
T0159,14:55,39.906652,32.853754
T0160,10:30,39.905993,32.899718
T0160,10:35,39.905984,32.899683
T0160,10:40,39.905976,32.899715
T0160,10:45,39.905990,32.899681
T0160,10:50,39.905996,32.899693
T0160,10:55,39.906004,32.899665
T0160,11:00,39.906004,32.899680
T0160,11:05,39.906002,32.899708
T0160,11:10,39.905992,32.899699
T0160,11:15,39.905992,32.899678
T0160,11:20,39.905988,32.899697
T0160,11:25,39.905992,32.899690
T0160,11:30,39.905961,32.899712
T0160,11:35,39.905995,32.899693
T0160,11:40,39.905993,32.899674
T0160,11:45,39.905972,32.899682
T0160,11:50,39.905993,32.899688
T0160,11:55,39.905975,32.899697
T0160,12:00,39.905980,32.899682
T0160,12:05,39.905998,32.899694
T0160,12:10,39.906021,32.899661
T0160,12:15,39.905990,32.899689
T0160,12:20,39.905971,32.899708
T0160,12:25,39.905986,32.899666
T0160,12:30,39.905994,32.899686
T0161,12:55,39.933591,32.987635
T0161,13:00,39.933603,32.987655
T0161,13:05,39.933590,32.987630
T0161,13:10,39.933603,32.987604
T0161,13:15,39.933615,32.987606
T0161,13:20,39.933618,32.987611
T0161,13:25,39.933602,32.987622
T0161,13:30,39.933604,32.987598
T0161,13:35,39.933606,32.987625
T0161,13:40,39.933618,32.987628
T0161,13:45,39.933601,32.987599
T0161,13:50,39.933616,32.987643
T0161,13:55,39.933637,32.987617
T0161,14:00,39.933610,32.987620
T0161,14:05,39.933601,32.987628
T0161,14:10,39.933605,32.987616
T0161,14:15,39.931252,32.970528
T0161,14:20,39.928929,32.953399
T0161,14:25,39.928911,32.953376
T0161,14:30,39.926570,32.936279
T0161,14:35,39.924220,32.919173
T0161,14:40,39.921846,32.902040
T0161,14:45,39.919522,32.884922
T0161,14:50,39.914086,32.869432
T0161,14:55,39.906751,32.854904
T0162,10:35,39.874975,32.923831
T0162,10:40,39.874967,32.923788
T0162,10:45,39.874940,32.923809
T0162,10:50,39.874948,32.923822
T0162,10:55,39.874935,32.923795
T0162,11:00,39.874933,32.923821
T0162,11:05,39.874938,32.923838
T0162,11:10,39.874954,32.923783
T0162,11:15,39.874950,32.923792
T0162,11:20,39.874957,32.923814
T0162,11:25,39.874923,32.923806
T0162,11:30,39.874957,32.923820
T0162,11:35,39.874966,32.923790
T0162,11:40,39.874932,32.923818
T0162,11:45,39.874953,32.923822
T0162,11:50,39.874966,32.923824
T0162,11:55,39.874938,32.923804
T0162,12:00,39.874959,32.923788
T0162,12:05,39.888256,32.917143
T0162,12:10,39.901564,32.910481
T0162,12:15,39.914845,32.903822
T0162,12:20,39.928195,32.897143
T0162,12:25,39.928175,32.897188
T0162,12:30,39.941200,32.890003
T0162,12:35,39.951356,32.876955
T0163,10:05,39.930534,32.844816
T0163,10:10,39.930572,32.844806
T0163,10:15,39.930540,32.844815
T0163,10:20,39.930539,32.844826
T0163,10:25,39.930563,32.844852
T0163,10:30,39.930567,32.844829
T0163,10:35,39.930547,32.844833
T0163,10:40,39.930549,32.844845
T0163,10:45,39.930535,32.844803
T0163,10:50,39.930552,32.844806
T0163,10:55,39.930551,32.844828
T0163,11:00,39.930550,32.844823
T0163,11:05,39.930555,32.844851
T0163,11:10,39.930576,32.844860
T0163,11:15,39.930574,32.844829
T0163,11:20,39.930562,32.844796
T0163,11:25,39.930587,32.844827
T0163,11:30,39.930555,32.844830
T0163,11:35,39.930544,32.844810
T0163,11:40,39.930567,32.844833
T0163,11:45,39.930542,32.844827
T0163,11:50,39.930552,32.844847
T0163,11:55,39.930533,32.844825
T0163,12:00,39.930554,32.844814
T0163,12:05,39.930554,32.844821
T0164,12:30,39.854163,32.785266
T0164,12:35,39.854139,32.785267
T0164,12:40,39.854140,32.785256
T0164,12:45,39.854172,32.785215
T0164,12:50,39.854171,32.785257
T0164,12:55,39.854166,32.785262
T0164,13:00,39.854169,32.785282
T0164,13:05,39.854139,32.785267
T0164,13:10,39.854185,32.785256
T0164,13:15,39.854168,32.785270
T0164,13:20,39.854151,32.785283
T0164,13:25,39.854178,32.785224
T0164,13:30,39.854170,32.785282
T0164,13:35,39.854149,32.785266
T0164,13:40,39.854162,32.785239
T0164,13:45,39.854151,32.785251
T0164,13:50,39.854151,32.785255
T0164,13:55,39.854167,32.785246
T0164,14:00,39.854177,32.785284
T0164,14:05,39.865451,32.801132
T0164,14:10,39.876800,32.817019
T0164,14:15,39.876772,32.817051
T0164,14:20,39.888061,32.832913
T0164,14:25,39.896247,32.851091
T0164,14:30,39.900668,32.871989
T0165,13:35,39.882454,32.766501
T0165,13:40,39.882460,32.766505
T0165,13:45,39.882454,32.766515
T0165,13:50,39.882429,32.766517
T0165,13:55,39.882459,32.766494
T0165,14:00,39.882463,32.766541
T0165,14:05,39.882474,32.766499
T0165,14:10,39.882474,32.766534
T0165,14:15,39.882436,32.766528
T0165,14:20,39.882478,32.766513
T0165,14:25,39.882435,32.766558
T0165,14:30,39.882453,32.766501
T0165,14:35,39.882448,32.766533
T0165,14:40,39.882445,32.766531
T0165,14:45,39.882464,32.766551
T0165,14:50,39.882470,32.766545
T0165,14:55,39.884024,32.780939
T0165,15:00,39.885591,32.795411
T0165,15:05,39.887168,32.809874
T0165,15:10,39.887154,32.809873
T0165,15:15,39.888726,32.824310
T0165,15:20,39.890323,32.838757
T0165,15:25,39.891883,32.853176
T0165,15:30,39.895277,32.867074
T0165,15:35,39.899027,32.880796
T0166,12:45,39.968803,32.792398
T0166,12:50,39.968759,32.792409
T0166,12:55,39.968779,32.792412
T0166,13:00,39.968777,32.792401
T0166,13:05,39.968776,32.792388
T0166,13:10,39.968779,32.792413
T0166,13:15,39.968800,32.792413
T0166,13:20,39.968772,32.792398
T0166,13:25,39.968772,32.792398
T0166,13:30,39.968771,32.792404
T0166,13:35,39.968777,32.792409
T0166,13:40,39.968771,32.792377
T0166,13:45,39.968792,32.792427
T0166,13:50,39.968777,32.792401
T0166,13:55,39.968780,32.792404
T0166,14:00,39.968772,32.792419
T0166,14:05,39.968791,32.792387
T0166,14:10,39.957509,32.797209
T0166,14:15,39.946236,32.801961
T0166,14:20,39.946247,32.801985
T0166,14:25,39.934993,32.806750
T0166,14:30,39.923717,32.811529
T0166,14:35,39.912459,32.816340
T0166,14:40,39.901927,32.823033
T0166,14:45,39.892265,32.831988
T0167,12:30,39.924590,32.863086
T0167,12:35,39.923910,32.867990
T0167,12:40,39.923917,32.868029
T0167,12:45,39.923928,32.868020
T0167,12:50,39.923914,32.867998
T0167,12:55,39.923913,32.868017
T0167,13:00,39.927721,32.865665
T0167,13:05,39.923344,32.864562
T0167,13:10,39.923331,32.864593
T0167,13:15,39.923305,32.864597
T0167,13:20,39.923319,32.864572
T0167,13:25,39.923641,32.867041
T0167,13:30,39.923634,32.867063
T0167,13:35,39.923652,32.867057
T0167,13:40,39.923648,32.866994
T0167,13:45,39.923647,32.867061
T0167,13:50,39.927344,32.867588
T0167,13:55,39.925091,32.863239
T0167,14:00,39.925068,32.863239
T0167,14:05,39.925077,32.863254
T0167,14:10,39.923768,32.867534
T0167,14:15,39.927316,32.867607
T0167,14:20,39.927346,32.867578
T0167,14:25,39.927359,32.867605
T0167,14:30,39.927349,32.867611
T0168,13:10,39.954630,32.829987
T0168,13:15,39.954628,32.829973
T0168,13:20,39.954632,32.829981
T0168,13:25,39.954626,32.829945
T0168,13:30,39.954618,32.829989
T0168,13:35,39.954654,32.829949
T0168,13:40,39.954631,32.829943
T0168,13:45,39.954630,32.829988
T0168,13:50,39.954651,32.829949
T0168,13:55,39.954618,32.829942
T0168,14:00,39.954635,32.830007
T0168,14:05,39.954615,32.829962
T0168,14:10,39.956250,32.844894
T0168,14:15,39.957098,32.860129
T0168,14:20,39.957098,32.860128
T0168,14:25,39.957091,32.860095
T0168,14:30,39.957128,32.860128
T0168,14:35,39.957111,32.860120
T0168,14:40,39.957118,32.860119
T0168,14:45,39.957105,32.860114
T0168,14:50,39.957085,32.860106
T0168,14:55,39.957102,32.860111
T0168,15:00,39.957107,32.860086
T0168,15:05,39.957115,32.860117
T0168,15:10,39.957106,32.860114
T0169,11:10,40.000604,32.782544
T0169,11:15,40.000628,32.782555
T0169,11:20,40.000608,32.782549
T0169,11:25,40.000638,32.782523
T0169,11:30,40.000594,32.782516
T0169,11:35,40.000617,32.782549
T0169,11:40,40.000608,32.782517
T0169,11:45,40.000586,32.782525
T0169,11:50,40.000609,32.782533
T0169,11:55,40.000628,32.782531
T0169,12:00,40.000622,32.782523
T0169,12:05,40.000613,32.782545
T0169,12:10,40.000644,32.782514
T0169,12:15,40.000617,32.782513
T0169,12:20,40.000592,32.782534
T0169,12:25,40.000630,32.782546
T0169,12:30,39.991773,32.796564
T0169,12:35,39.982905,32.810578
T0169,12:40,39.974035,32.824598
T0169,12:45,39.965170,32.838609
T0169,12:50,39.965166,32.838609
T0169,12:55,39.956335,32.852649
T0169,13:00,39.947491,32.866684
T0169,13:05,39.935172,32.874458
T0169,13:10,39.922170,32.881045
T0170,13:20,39.940649,32.797679
T0170,13:25,39.940678,32.797686
T0170,13:30,39.940648,32.797700
T0170,13:35,39.940675,32.797684
T0170,13:40,39.940634,32.797681
T0170,13:45,39.940676,32.797679
T0170,13:50,39.940680,32.797688
T0170,13:55,39.940657,32.797657
T0170,14:00,39.940646,32.797711
T0170,14:05,39.940656,32.797705
T0170,14:10,39.940677,32.797712
T0170,14:15,39.940665,32.797694
T0170,14:20,39.940645,32.797672
T0170,14:25,39.940653,32.797690
T0170,14:30,39.940648,32.797685
T0170,14:35,39.940665,32.797714
T0170,14:40,39.940652,32.797677
T0170,14:45,39.940666,32.797678
T0170,14:50,39.940653,32.797691
T0170,14:55,39.940686,32.797693
T0170,15:00,39.940676,32.797668
T0170,15:05,39.939658,32.812463
T0170,15:10,39.938648,32.827264
T0170,15:15,39.939608,32.841815
T0170,15:20,39.943051,32.855953
T0171,11:30,39.935203,32.833170
T0171,11:35,39.935186,32.833197
T0171,11:40,39.935232,32.833207
T0171,11:45,39.935178,32.833181
T0171,11:50,39.935210,32.833221
T0171,11:55,39.935194,32.833195
T0171,12:00,39.922406,32.821218
T0171,12:05,39.922430,32.821254
T0171,12:10,39.922415,32.821214
T0171,12:15,39.922411,32.821220
T0171,12:20,39.922410,32.821206
T0171,12:25,39.922421,32.821234
T0171,12:30,39.922402,32.821236
T0171,12:35,39.922401,32.821226
T0171,12:40,39.922408,32.821218
T0171,12:45,39.922415,32.821240
T0171,12:50,39.922415,32.821226
T0171,12:55,39.922408,32.821228
T0171,13:00,39.922403,32.821210
T0171,13:05,39.922425,32.821222
T0171,13:10,39.922425,32.821249
T0171,13:15,39.922407,32.821228
T0171,13:20,39.922393,32.821250
T0171,13:25,39.922415,32.821234
T0171,13:30,39.922408,32.821229
T0172,13:35,39.977383,32.796775
T0172,13:40,39.977408,32.796753
T0172,13:45,39.977402,32.796749
T0172,13:50,39.977402,32.796750
T0172,13:55,39.977407,32.796796
T0172,14:00,39.977397,32.796734
T0172,14:05,39.977439,32.796746
T0172,14:10,39.977419,32.796730
T0172,14:15,39.977429,32.796745
T0172,14:20,39.977419,32.796754
T0172,14:25,39.977429,32.796723
T0172,14:30,39.977403,32.796749
T0172,14:35,39.977421,32.796751
T0172,14:40,39.977420,32.796750
T0172,14:45,39.977410,32.796731
T0172,14:50,39.977403,32.796745
T0172,14:55,39.977410,32.796732
T0172,15:00,39.977428,32.796751
T0172,15:05,39.977425,32.796760
T0172,15:10,39.966737,32.804692
T0172,15:15,39.956080,32.812633
T0172,15:20,39.945423,32.820590
T0172,15:25,39.934767,32.828526
T0172,15:30,39.923630,32.835064
T0172,15:35,39.911988,32.840158
T0173,10:25,39.863631,32.939809
T0173,10:30,39.863593,32.939866
T0173,10:35,39.863620,32.939834
T0173,10:40,39.863599,32.939797
T0173,10:45,39.863614,32.939809
T0173,10:50,39.863602,32.939857
T0173,10:55,39.863617,32.939817
T0173,11:00,39.863624,32.939818
T0173,11:05,39.863615,32.939839
T0173,11:10,39.863597,32.939860
T0173,11:15,39.863617,32.939810
T0173,11:20,39.863612,32.939805
T0173,11:25,39.863606,32.939826
T0173,11:30,39.863622,32.939864
T0173,11:35,39.863628,32.939829
T0173,11:40,39.863612,32.939844
T0173,11:45,39.863613,32.939797
T0173,11:50,39.863621,32.939797
T0173,11:55,39.863598,32.939868
T0173,12:00,39.875011,32.926682
T0173,12:05,39.886352,32.913483
T0173,12:10,39.897774,32.900350
T0173,12:15,39.909162,32.887199
T0173,12:20,39.921448,32.875832
T0173,12:25,39.935097,32.867002
T0174,10:40,39.892616,32.847305
T0174,10:45,39.892617,32.847293
T0174,10:50,39.892609,32.847288
T0174,10:55,39.892621,32.847298
T0174,11:00,39.892643,32.847300
T0174,11:05,39.892607,32.847285
T0174,11:10,39.892659,32.847317
T0174,11:15,39.892616,32.847315
T0174,11:20,39.897008,32.864142
T0174,11:25,39.902737,32.880397
T0174,11:30,39.902745,32.880369
T0174,11:35,39.902786,32.880414
T0174,11:40,39.902754,32.880430
T0174,11:45,39.902769,32.880392
T0174,11:50,39.902741,32.880400
T0174,11:55,39.902731,32.880439
T0174,12:00,39.902741,32.880381
T0174,12:05,39.902772,32.880422
T0174,12:10,39.902746,32.880418
T0174,12:15,39.902737,32.880366
T0174,12:20,39.902744,32.880416
T0174,12:25,39.902724,32.880392
T0174,12:30,39.902721,32.880401
T0174,12:35,39.902749,32.880411
T0174,12:40,39.902744,32.880414
T0175,11:30,39.918832,32.845875
T0175,11:35,39.916851,32.839601
T0175,11:40,39.915687,32.846453
T0175,11:45,39.915692,32.846433
T0175,11:50,39.915713,32.846412
T0175,11:55,39.915677,32.846422
T0175,12:00,39.915716,32.846409
T0175,12:05,39.915704,32.846416
T0175,12:10,39.917258,32.839606
T0175,12:15,39.917277,32.839567
T0175,12:20,39.917240,32.839598
T0175,12:25,39.917255,32.839579
T0175,12:30,39.917312,32.839578
T0175,12:35,39.917288,32.839559
T0175,12:40,39.914299,32.844863
T0175,12:45,39.919762,32.844372
T0175,12:50,39.919774,32.844365
T0175,12:55,39.919797,32.844375
T0175,13:00,39.913942,32.841918
T0175,13:05,39.920399,32.842935
T0175,13:10,39.920386,32.842953
T0175,13:15,39.920379,32.842939
T0175,13:20,39.915001,32.846193
T0175,13:25,39.915005,32.846208
T0175,13:30,39.915014,32.846206
T0176,12:05,40.023165,32.707795
T0176,12:10,40.023183,32.707808
T0176,12:15,40.023202,32.707793
T0176,12:20,40.023181,32.707774
T0176,12:25,40.023190,32.707750
T0176,12:30,40.023179,32.707816
T0176,12:35,40.023167,32.707799
T0176,12:40,40.023164,32.707810
T0176,12:45,40.023177,32.707751
T0176,12:50,40.023165,32.707804
T0176,12:55,40.023170,32.707808
T0176,13:00,40.023179,32.707811
T0176,13:05,40.023192,32.707793
T0176,13:10,40.023184,32.707786
T0176,13:15,40.023171,32.707784
T0176,13:20,40.023175,32.707800
T0176,13:25,40.023186,32.707781
T0176,13:30,40.008897,32.722976
T0176,13:35,39.994628,32.738209
T0176,13:40,39.980383,32.753457
T0176,13:45,39.966113,32.768607
T0176,13:50,39.951823,32.783852
T0176,13:55,39.937557,32.799041
T0176,14:00,39.923153,32.813903
T0176,14:05,39.905140,32.818964
T0177,12:40,39.911038,32.757000
T0177,12:45,39.911045,32.757047
T0177,12:50,39.911054,32.757001
T0177,12:55,39.911025,32.757044
T0177,13:00,39.911052,32.757007
T0177,13:05,39.911043,32.756993
T0177,13:10,39.911053,32.756990
T0177,13:15,39.911048,32.757035
T0177,13:20,39.911031,32.757003
T0177,13:25,39.911046,32.757035
T0177,13:30,39.911036,32.757036
T0177,13:35,39.911045,32.756996
T0177,13:40,39.911061,32.757017
T0177,13:45,39.911044,32.757022
T0177,13:50,39.911035,32.756997
T0177,13:55,39.911052,32.757024
T0177,14:00,39.911052,32.757012
T0177,14:05,39.911060,32.757040
T0177,14:10,39.911065,32.757003
T0177,14:15,39.916720,32.773836
T0177,14:20,39.922393,32.790698
T0177,14:25,39.928068,32.807556
T0177,14:30,39.933719,32.824403
T0177,14:35,39.939406,32.841264
T0177,14:40,39.949962,32.845961
T0178,12:50,39.864219,32.877060
T0178,12:55,39.864232,32.876994
T0178,13:00,39.864211,32.877029
T0178,13:05,39.864210,32.877036
T0178,13:10,39.864214,32.877031
T0178,13:15,39.864210,32.877023
T0178,13:20,39.864230,32.877045
T0178,13:25,39.864242,32.877017
T0178,13:30,39.864227,32.877010
T0178,13:35,39.864209,32.877035
T0178,13:40,39.864204,32.877003
T0178,13:45,39.864224,32.877049
T0178,13:50,39.864224,32.877031
T0178,13:55,39.864225,32.877048
T0178,14:00,39.864224,32.877052
T0178,14:05,39.864218,32.877006
T0178,14:10,39.864203,32.877044
T0178,14:15,39.864197,32.877032
T0178,14:20,39.864251,32.877053
T0178,14:25,39.864234,32.877022
T0178,14:30,39.878366,32.878626
T0178,14:35,39.892492,32.880261
T0178,14:40,39.906677,32.881865
T0178,14:45,39.920611,32.879060
T0178,14:50,39.934536,32.875449
T0179,11:45,39.927436,32.811197
T0179,11:50,39.927451,32.811212
T0179,11:55,39.927468,32.811186
T0179,12:00,39.927437,32.811228
T0179,12:05,39.927443,32.811228
T0179,12:10,39.927455,32.811208
T0179,12:15,39.927447,32.811236
T0179,12:20,39.927461,32.811216
T0179,12:25,39.927448,32.811200
T0179,12:30,39.927437,32.811219
T0179,12:35,39.927417,32.811225
T0179,12:40,39.927424,32.811263
T0179,12:45,39.927416,32.811243
T0179,12:50,39.927431,32.811220
T0179,12:55,39.927447,32.811215
T0179,13:00,39.927451,32.811189
T0179,13:05,39.927454,32.811224
T0179,13:10,39.927451,32.811222
T0179,13:15,39.927467,32.811252
T0179,13:20,39.927456,32.811230
T0179,13:25,39.927457,32.811236
T0179,13:30,39.927423,32.811252
T0179,13:35,39.927444,32.811249
T0179,13:40,39.927451,32.811247
T0179,13:45,39.927442,32.811226
T0180,10:40,39.902701,32.880618
T0180,10:45,39.902711,32.880653
T0180,10:50,39.902756,32.880637
T0180,10:55,39.902715,32.880653
T0180,11:00,39.902727,32.880626
T0180,11:05,39.902743,32.880643
T0180,11:10,39.902742,32.880634
T0180,11:15,39.902710,32.880637
T0180,11:20,39.902730,32.880615
T0180,11:25,39.902707,32.880635
T0180,11:30,39.902736,32.880620
T0180,11:35,39.902709,32.880620
T0180,11:40,39.902720,32.880621
T0180,11:45,39.902713,32.880618
T0180,11:50,39.902703,32.880633
T0180,11:55,39.902718,32.880604
T0180,12:00,39.902685,32.880621
T0180,12:05,39.902707,32.880617
T0180,12:10,39.902728,32.880625
T0180,12:15,39.902697,32.880633
T0180,12:20,39.902725,32.880638
T0180,12:25,39.902720,32.880652
T0180,12:30,39.902700,32.880648
T0180,12:35,39.902707,32.880627
T0180,12:40,39.902721,32.880624
T0181,10:45,39.908395,32.755762
T0181,10:50,39.908380,32.755759
T0181,10:55,39.908372,32.755734
T0181,11:00,39.908368,32.755756
T0181,11:05,39.908375,32.755761
T0181,11:10,39.908390,32.755722
T0181,11:15,39.908370,32.755758
T0181,11:20,39.908366,32.755743
T0181,11:25,39.908395,32.755742
T0181,11:30,39.908372,32.755750
T0181,11:35,39.908393,32.755746
T0181,11:40,39.908387,32.755749
T0181,11:45,39.908402,32.755744
T0181,11:50,39.908395,32.755755
T0181,11:55,39.908372,32.755723
T0181,12:00,39.908377,32.755769
T0181,12:05,39.908353,32.755774
T0181,12:10,39.908373,32.755753
T0181,12:15,39.908370,32.755729
T0181,12:20,39.914877,32.771619
T0181,12:25,39.921414,32.787498
T0181,12:30,39.927902,32.803397
T0181,12:35,39.934444,32.819257
T0181,12:40,39.940940,32.835128
T0181,12:45,39.947575,32.850960
T0182,13:20,39.942263,32.700609
T0182,13:25,39.942260,32.700557
T0182,13:30,39.942269,32.700596
T0182,13:35,39.942286,32.700558
T0182,13:40,39.942274,32.700583
T0182,13:45,39.942224,32.700577
T0182,13:50,39.942262,32.700560
T0182,13:55,39.942232,32.700557
T0182,14:00,39.942267,32.700586
T0182,14:05,39.942278,32.700591
T0182,14:10,39.942255,32.700583
T0182,14:15,39.942263,32.700576
T0182,14:20,39.942270,32.700585
T0182,14:25,39.942249,32.700588
T0182,14:30,39.942273,32.700600
T0182,14:35,39.942255,32.700588
T0182,14:40,39.941507,32.717846
T0182,14:45,39.940754,32.735195
T0182,14:50,39.939975,32.752504
T0182,14:55,39.939218,32.769805
T0182,15:00,39.938477,32.787118
T0182,15:05,39.937701,32.804405
T0182,15:10,39.936944,32.821734
T0182,15:15,39.939503,32.838554
T0182,15:20,39.943208,32.855196
T0183,12:05,39.955717,32.857886
T0183,12:10,39.955694,32.857919
T0183,12:15,39.955728,32.857916
T0183,12:20,39.955711,32.857900
T0183,12:25,39.955719,32.857909
T0183,12:30,39.955730,32.857899
T0183,12:35,39.955708,32.857909
T0183,12:40,39.955735,32.857900
T0183,12:45,39.952242,32.843029
T0183,12:50,39.948987,32.828038
T0183,12:55,39.948981,32.828039
T0183,13:00,39.948993,32.828005
T0183,13:05,39.948969,32.828023
T0183,13:10,39.948982,32.828018
T0183,13:15,39.948961,32.828016
T0183,13:20,39.948976,32.827985
T0183,13:25,39.948983,32.827982
T0183,13:30,39.948964,32.828014
T0183,13:35,39.948962,32.828029
T0183,13:40,39.948984,32.828063
T0183,13:45,39.948980,32.828027
T0183,13:50,39.948964,32.828025
T0183,13:55,39.948962,32.828035
T0183,14:00,39.948968,32.828014
T0183,14:05,39.948975,32.828020
T0184,11:10,39.841013,32.848380
T0184,11:15,39.841019,32.848413
T0184,11:20,39.841032,32.848362
T0184,11:25,39.841033,32.848406
T0184,11:30,39.841007,32.848398
T0184,11:35,39.841011,32.848381
T0184,11:40,39.841018,32.848371
T0184,11:45,39.841023,32.848388
T0184,11:50,39.841026,32.848378
T0184,11:55,39.841034,32.848399
T0184,12:00,39.841019,32.848362
T0184,12:05,39.841028,32.848378
T0184,12:10,39.841043,32.848399
T0184,12:15,39.841031,32.848395
T0184,12:20,39.841002,32.848381
T0184,12:25,39.841039,32.848404
T0184,12:30,39.841012,32.848390
T0184,12:35,39.852013,32.851556
T0184,12:40,39.862995,32.854713
T0184,12:45,39.873980,32.857914
T0184,12:50,39.884964,32.861078
T0184,12:55,39.895932,32.864210
T0184,13:00,39.906943,32.867391
T0184,13:05,39.917938,32.870579
T0184,13:10,39.922448,32.880735
T0185,10:25,39.967011,32.751553
T0185,10:30,39.967026,32.751561
T0185,10:35,39.967018,32.751549
T0185,10:40,39.966992,32.751538
T0185,10:45,39.967017,32.751538
T0185,10:50,39.967018,32.751544
T0185,10:55,39.967013,32.751545
T0185,11:00,39.967004,32.751569
T0185,11:05,39.967001,32.751525
T0185,11:10,39.967011,32.751536
T0185,11:15,39.967006,32.751555
T0185,11:20,39.967009,32.751526
T0185,11:25,39.967002,32.751566
T0185,11:30,39.967003,32.751548
T0185,11:35,39.967033,32.751538
T0185,11:40,39.966990,32.751559
T0185,11:45,39.967018,32.751560
T0185,11:50,39.966992,32.751529
T0185,11:55,39.967001,32.751548
T0185,12:00,39.961049,32.770608
T0185,12:05,39.955115,32.789701
T0185,12:10,39.949163,32.808726
T0185,12:15,39.943221,32.827818
T0185,12:20,39.938044,32.847206
T0185,12:25,39.934832,32.867368
T0186,11:30,39.941283,32.826892
T0186,11:35,39.941262,32.826867
T0186,11:40,39.941293,32.826854
T0186,11:45,39.941286,32.826894
T0186,11:50,39.941288,32.826878
T0186,11:55,39.941280,32.826880
T0186,12:00,39.941302,32.826883
T0186,12:05,39.941279,32.826898
T0186,12:10,39.941302,32.826882
T0186,12:15,39.941278,32.826863
T0186,12:20,39.941271,32.826876
T0186,12:25,39.941260,32.826900
T0186,12:30,39.927490,32.834299
T0186,12:35,39.914567,32.844793
T0186,12:40,39.914583,32.844748
T0186,12:45,39.914577,32.844802
T0186,12:50,39.914576,32.844768
T0186,12:55,39.914571,32.844810
T0186,13:00,39.914574,32.844799
T0186,13:05,39.914560,32.844789
T0186,13:10,39.914573,32.844792
T0186,13:15,39.914567,32.844795
T0186,13:20,39.914577,32.844810
T0186,13:25,39.914586,32.844807
T0186,13:30,39.914573,32.844796
T0187,12:50,39.989527,32.760543
T0187,12:55,39.989518,32.760519
T0187,13:00,39.989542,32.760518
T0187,13:05,39.989509,32.760542
T0187,13:10,39.989514,32.760541
T0187,13:15,39.989533,32.760523
T0187,13:20,39.989541,32.760543
T0187,13:25,39.989506,32.760580
T0187,13:30,39.989527,32.760543
T0187,13:35,39.989520,32.760550
T0187,13:40,39.989507,32.760551
T0187,13:45,39.989528,32.760529
T0187,13:50,39.989517,32.760526
T0187,13:55,39.989541,32.760530
T0187,14:00,39.989538,32.760520
T0187,14:05,39.989516,32.760550
T0187,14:10,39.982696,32.774801
T0187,14:15,39.975871,32.789150
T0187,14:20,39.975871,32.789110
T0187,14:25,39.969064,32.803434
T0187,14:30,39.962199,32.817704
T0187,14:35,39.955387,32.831999
T0187,14:40,39.948593,32.846309
T0187,14:45,39.941751,32.860585
T0187,14:50,39.934949,32.874913
T0188,14:00,39.984352,32.755643
T0188,14:05,39.984366,32.755640
T0188,14:10,39.984376,32.755637
T0188,14:15,39.984358,32.755675
T0188,14:20,39.984368,32.755626
T0188,14:25,39.984355,32.755669
T0188,14:30,39.984372,32.755687
T0188,14:35,39.982786,32.784910
T0188,14:40,39.982830,32.784895
T0188,14:45,39.982837,32.784888
T0188,14:50,39.982816,32.784909
T0188,14:55,39.976743,32.803370
T0188,15:00,39.976716,32.803389
T0188,15:05,39.976706,32.803388
T0188,15:10,39.976738,32.803395
T0188,15:15,39.976717,32.803408
T0188,15:20,39.976724,32.803396
T0188,15:25,39.976716,32.803356
T0188,15:30,39.976745,32.803380
T0188,15:35,39.976718,32.803380
T0188,15:40,39.976736,32.803381
T0188,15:45,39.976743,32.803378
T0188,15:50,39.976734,32.803382
T0188,15:55,39.959114,32.822222
T0188,16:00,39.937230,32.836304
T0189,10:05,39.865177,32.828291
T0189,10:10,39.865204,32.828268
T0189,10:15,39.865200,32.828267
T0189,10:20,39.865192,32.828226
T0189,10:25,39.865184,32.828301
T0189,10:30,39.865187,32.828276
T0189,10:35,39.865191,32.828278
T0189,10:40,39.865177,32.828312
T0189,10:45,39.865183,32.828308
T0189,10:50,39.865202,32.828278
T0189,10:55,39.865173,32.828298
T0189,11:00,39.865198,32.828292
T0189,11:05,39.865197,32.828235
T0189,11:10,39.865198,32.828278
T0189,11:15,39.865191,32.828303
T0189,11:20,39.865184,32.828317
T0189,11:25,39.865203,32.828289
T0189,11:30,39.865185,32.828271
T0189,11:35,39.865179,32.828283
T0189,11:40,39.876385,32.829503
T0189,11:45,39.887560,32.830740
T0189,11:50,39.898712,32.832011
T0189,11:55,39.909939,32.833208
T0189,12:00,39.920238,32.838720
T0189,12:05,39.930480,32.844727
T0190,12:45,39.905338,32.930764
T0190,12:50,39.905340,32.930784
T0190,12:55,39.905342,32.930787
T0190,13:00,39.905335,32.930768
T0190,13:05,39.905321,32.930757
T0190,13:10,39.905317,32.930749
T0190,13:15,39.905292,32.930791
T0190,13:20,39.905340,32.930770
T0190,13:25,39.905335,32.930829
T0190,13:30,39.905315,32.930789
T0190,13:35,39.905350,32.930775
T0190,13:40,39.905302,32.930771
T0190,13:45,39.905360,32.930798
T0190,13:50,39.905323,32.930782
T0190,13:55,39.905340,32.930768
T0190,14:00,39.905344,32.930777
T0190,14:05,39.905350,32.930740
T0190,14:10,39.905315,32.930790
T0190,14:15,39.905345,32.930784
T0190,14:20,39.905350,32.930801
T0190,14:25,39.905342,32.930770
T0190,14:30,39.914237,32.917975
T0190,14:35,39.923152,32.905177
T0190,14:40,39.932052,32.892345
T0190,14:45,39.943970,32.884981
T0191,11:30,39.998330,32.852311
T0191,11:35,39.998343,32.852293
T0191,11:40,39.998328,32.852295
T0191,11:45,39.998323,32.852264
T0191,11:50,39.998350,32.852295
T0191,11:55,39.998329,32.852289
T0191,12:00,39.998311,32.852283
T0191,12:05,39.998333,32.852308
T0191,12:10,39.998337,32.852297
T0191,12:15,39.998339,32.852310
T0191,12:20,39.998338,32.852296
T0191,12:25,39.998325,32.852321
T0191,12:30,39.998326,32.852284
T0191,12:35,39.998328,32.852275
T0191,12:40,39.998329,32.852307
T0191,12:45,39.998326,32.852272
T0191,12:50,39.998336,32.852296
T0191,12:55,39.998359,32.852275
T0191,13:00,39.985613,32.844962
T0191,13:05,39.972953,32.837617
T0191,13:10,39.960180,32.830277
T0191,13:15,39.947474,32.822923
T0191,13:20,39.947465,32.822911
T0191,13:25,39.935024,32.814969
T0191,13:30,39.922700,32.806466
T0192,11:20,39.978238,32.780887
T0192,11:25,39.978237,32.780878
T0192,11:30,39.978221,32.780905
T0192,11:35,39.978217,32.780887
T0192,11:40,39.978226,32.780897
T0192,11:45,39.978208,32.780915
T0192,11:50,39.978219,32.780917
T0192,11:55,39.978229,32.780854
T0192,12:00,39.978217,32.780915
T0192,12:05,39.978213,32.780881
T0192,12:10,39.978222,32.780872
T0192,12:15,39.978245,32.780890
T0192,12:20,39.978223,32.780900
T0192,12:25,39.978228,32.780901
T0192,12:30,39.978242,32.780897
T0192,12:35,39.978226,32.780885
T0192,12:40,39.978234,32.780917
T0192,12:45,39.968790,32.788972
T0192,12:50,39.959362,32.796981
T0192,12:55,39.949943,32.805049
T0192,13:00,39.940450,32.813088
T0192,13:05,39.931024,32.821165
T0192,13:10,39.921562,32.829179
T0192,13:15,39.912135,32.837283
T0192,13:20,39.904144,32.828958
T0193,11:30,39.830492,32.822096
T0193,11:35,39.830504,32.822112
T0193,11:40,39.830497,32.822127
T0193,11:45,39.830520,32.822100
T0193,11:50,39.830517,32.822094
T0193,11:55,39.830508,32.822085
T0193,12:00,39.830505,32.822116
T0193,12:05,39.830523,32.822100
T0193,12:10,39.830512,32.822112
T0193,12:15,39.830495,32.822122
T0193,12:20,39.830524,32.822099
T0193,12:25,39.830501,32.822083
T0193,12:30,39.830532,32.822090
T0193,12:35,39.830519,32.822111
T0193,12:40,39.830517,32.822095
T0193,12:45,39.830524,32.822114
T0193,12:50,39.842048,32.823002
T0193,12:55,39.853542,32.823965
T0193,13:00,39.865100,32.824831
T0193,13:05,39.876607,32.825787
T0193,13:10,39.888167,32.826688
T0193,13:15,39.888205,32.826713
T0193,13:20,39.899696,32.827622
T0193,13:25,39.910945,32.825269
T0193,13:30,39.921967,32.820817
T0194,12:05,39.941718,32.883297
T0194,12:10,39.941699,32.883289
T0194,12:15,39.941700,32.883307
T0194,12:20,39.941684,32.883287
T0194,12:25,39.941720,32.883276
T0194,12:30,39.930315,32.882810
T0194,12:35,39.919530,32.887873
T0194,12:40,39.919530,32.887892
T0194,12:45,39.919518,32.887880
T0194,12:50,39.919533,32.887873
T0194,12:55,39.919509,32.887849
T0194,13:00,39.919493,32.887904
T0194,13:05,39.919504,32.887853
T0194,13:10,39.919513,32.887914
T0194,13:15,39.919490,32.887871
T0194,13:20,39.919532,32.887869
T0194,13:25,39.919504,32.887867
T0194,13:30,39.919513,32.887857
T0194,13:35,39.919518,32.887894
T0194,13:40,39.919517,32.887868
T0194,13:45,39.919517,32.887853
T0194,13:50,39.919523,32.887894
T0194,13:55,39.919523,32.887871
T0194,14:00,39.919548,32.887891
T0194,14:05,39.919518,32.887867
T0195,12:55,39.948936,32.954321
T0195,13:00,39.948920,32.954318
T0195,13:05,39.948962,32.954310
T0195,13:10,39.948918,32.954327
T0195,13:15,39.948920,32.954349
T0195,13:20,39.948940,32.954343
T0195,13:25,39.948937,32.954324
T0195,13:30,39.948942,32.954315
T0195,13:35,39.948910,32.954326
T0195,13:40,39.948957,32.954332
T0195,13:45,39.948940,32.954349
T0195,13:50,39.948921,32.954333
T0195,13:55,39.948954,32.954356
T0195,14:00,39.948950,32.954343
T0195,14:05,39.948922,32.954345
T0195,14:10,39.948946,32.954341
T0195,14:15,39.948929,32.954319
T0195,14:20,39.942939,32.940005
T0195,14:25,39.936945,32.925623
T0195,14:30,39.930931,32.911325
T0195,14:35,39.924955,32.896980
T0195,14:40,39.918982,32.882626
T0195,14:45,39.918971,32.882608
T0195,14:50,39.912971,32.868309
T0195,14:55,39.906623,32.854219
T0196,10:25,39.884246,32.901401
T0196,10:30,39.884240,32.901402
T0196,10:35,39.884237,32.901418
T0196,10:40,39.884227,32.901428
T0196,10:45,39.884235,32.901431
T0196,10:50,39.884246,32.901416
T0196,10:55,39.884255,32.901421
T0196,11:00,39.884235,32.901414
T0196,11:05,39.884227,32.901425
T0196,11:10,39.884251,32.901423
T0196,11:15,39.884232,32.901387
T0196,11:20,39.884232,32.901408
T0196,11:25,39.884243,32.901387
T0196,11:30,39.884223,32.901427
T0196,11:35,39.884226,32.901389
T0196,11:40,39.884244,32.901405
T0196,11:45,39.884236,32.901400
T0196,11:50,39.884243,32.901422
T0196,11:55,39.884233,32.901445
T0196,12:00,39.884234,32.901391
T0196,12:05,39.884237,32.901422
T0196,12:10,39.896796,32.892571
T0196,12:15,39.909378,32.883709
T0196,12:20,39.922220,32.875554
T0196,12:25,39.935141,32.867579
T0197,13:25,39.937357,32.892455
T0197,13:30,39.937345,32.892463
T0197,13:35,39.937353,32.892432
T0197,13:40,39.937381,32.892474
T0197,13:45,39.937337,32.892442
T0197,13:50,39.937358,32.892415
T0197,13:55,39.937363,32.892431
T0197,14:00,39.921917,32.887937
T0197,14:05,39.906537,32.883284
T0197,14:10,39.906548,32.883294
T0197,14:15,39.906543,32.883292
T0197,14:20,39.906569,32.883314
T0197,14:25,39.906546,32.883266
T0197,14:30,39.906552,32.883301
T0197,14:35,39.906546,32.883289
T0197,14:40,39.906556,32.883290
T0197,14:45,39.906542,32.883306
T0197,14:50,39.906545,32.883281
T0197,14:55,39.906556,32.883275
T0197,15:00,39.906564,32.883289
T0197,15:05,39.906555,32.883324
T0197,15:10,39.906571,32.883281
T0197,15:15,39.906522,32.883301
T0197,15:20,39.906533,32.883291
T0197,15:25,39.906554,32.883295
T0198,11:10,39.970509,32.858206
T0198,11:15,39.970516,32.858203
T0198,11:20,39.970501,32.858211
T0198,11:25,39.970509,32.858215
T0198,11:30,39.970508,32.858229
T0198,11:35,39.970512,32.858190
T0198,11:40,39.970505,32.858222
T0198,11:45,39.970519,32.858215
T0198,11:50,39.970527,32.858183
T0198,11:55,39.970500,32.858173
T0198,12:00,39.970517,32.858217
T0198,12:05,39.970514,32.858221
T0198,12:10,39.970516,32.858218
T0198,12:15,39.970501,32.858193
T0198,12:20,39.970527,32.858183
T0198,12:25,39.970523,32.858204
T0198,12:30,39.970521,32.858219
T0198,12:35,39.970540,32.858203
T0198,12:40,39.970519,32.858211
T0198,12:45,39.970524,32.858208
T0198,12:50,39.959372,32.861336
T0198,12:55,39.948280,32.864489
T0198,13:00,39.937157,32.867560
T0198,13:05,39.926058,32.870672
T0198,13:10,39.922133,32.881286
T0199,10:30,39.894487,32.829626
T0199,10:35,39.894499,32.829579
T0199,10:40,39.894481,32.829602
T0199,10:45,39.894478,32.829578
T0199,10:50,39.894489,32.829628
T0199,10:55,39.894502,32.829585
T0199,11:00,39.894504,32.829582
T0199,11:05,39.894485,32.829590
T0199,11:10,39.894504,32.829573
T0199,11:15,39.894514,32.829619
T0199,11:20,39.894472,32.829604
T0199,11:25,39.894519,32.829587
T0199,11:30,39.907711,32.824717
T0199,11:35,39.920205,32.815989
T0199,11:40,39.920196,32.815958
T0199,11:45,39.920221,32.815991
T0199,11:50,39.920212,32.815982
T0199,11:55,39.920194,32.815985
T0199,12:00,39.920188,32.815991
T0199,12:05,39.920227,32.815982
T0199,12:10,39.920187,32.815948
T0199,12:15,39.920195,32.815998
T0199,12:20,39.920216,32.815987
T0199,12:25,39.920209,32.815986
T0199,12:30,39.920200,32.815972
T0200,12:55,39.932940,32.832017
T0200,13:00,39.940750,32.859730
T0200,13:05,39.923284,32.878550
T0200,13:10,39.903911,32.863335
T0200,13:15,39.908452,32.834424
T0200,13:20,39.908430,32.834404
T0200,13:25,39.930862,32.830400
T0200,13:30,39.941236,32.856656
T0200,13:35,39.925702,32.878072
T0200,13:40,39.905020,32.866121
T0200,13:45,39.906811,32.836710
T0200,13:50,39.928679,32.829106
T0200,13:55,39.941429,32.853484
T0200,14:00,39.928050,32.877314
T0200,14:05,39.928041,32.877274
T0200,14:10,39.928010,32.877278
T0200,14:15,39.906392,32.868715
T0200,14:20,39.905361,32.839285
T0200,14:25,39.926363,32.828201
T0200,14:30,39.941308,32.850342
T0200,14:35,39.930275,32.876109
T0200,14:40,39.907966,32.871112
T0200,14:45,39.904177,32.841989
T0200,14:50,39.923959,32.827684
T0200,14:55,39.940917,32.847234
T0201,13:05,39.933302,32.858251
T0201,13:10,39.933308,32.858186
T0201,13:15,39.933297,32.858209
T0201,13:20,39.933310,32.858218
T0201,13:25,39.933314,32.858218
T0201,13:30,39.933301,32.858249
T0201,13:35,39.933310,32.858211
T0201,13:40,39.933299,32.858189
T0201,13:45,39.933324,32.858237
T0201,13:50,39.933313,32.858187
T0201,13:55,39.933297,32.858217
T0201,14:00,39.923099,32.864472
T0201,14:05,39.923085,32.864499
T0201,14:10,39.923063,32.864490
T0201,14:15,39.923070,32.864483
T0201,14:20,39.923085,32.864481
T0201,14:25,39.923076,32.864455
T0201,14:30,39.923065,32.864468
T0201,14:35,39.923032,32.864469
T0201,14:40,39.923088,32.864484
T0201,14:45,39.923082,32.864506
T0201,14:50,39.923070,32.864503
T0201,14:55,39.923062,32.864511
T0201,15:00,39.923082,32.864463
T0201,15:05,39.923072,32.864477
T0202,12:05,39.819428,32.892361
T0202,12:10,39.819451,32.892400
T0202,12:15,39.819461,32.892360
T0202,12:20,39.819452,32.892385
T0202,12:25,39.819441,32.892374
T0202,12:30,39.819433,32.892365
T0202,12:35,39.819473,32.892388
T0202,12:40,39.819438,32.892358
T0202,12:45,39.819443,32.892363
T0202,12:50,39.819444,32.892345
T0202,12:55,39.819455,32.892328
T0202,13:00,39.819434,32.892380
T0202,13:05,39.819467,32.892344
T0202,13:10,39.819455,32.892376
T0202,13:15,39.819437,32.892368
T0202,13:20,39.819438,32.892352
T0202,13:25,39.832080,32.889780
T0202,13:30,39.844697,32.887247
T0202,13:35,39.857320,32.884654
T0202,13:40,39.869916,32.882069
T0202,13:45,39.882533,32.879518
T0202,13:50,39.882546,32.879493
T0202,13:55,39.895139,32.877443
T0202,14:00,39.907195,32.882870
T0202,14:05,39.919276,32.888281
T0203,13:25,39.906429,32.882324
T0203,13:30,39.906464,32.882306
T0203,13:35,39.906454,32.882324
T0203,13:40,39.906434,32.882363
T0203,13:45,39.906453,32.882323
T0203,13:50,39.906463,32.882341
T0203,13:55,39.906453,32.882358
T0203,14:00,39.906439,32.882308
T0203,14:05,39.906440,32.882340
T0203,14:10,39.906435,32.882351
T0203,14:15,39.906437,32.882330
T0203,14:20,39.906433,32.882334
T0203,14:25,39.906459,32.882372
T0203,14:30,39.906444,32.882322
T0203,14:35,39.906459,32.882356
T0203,14:40,39.906441,32.882353
T0203,14:45,39.906451,32.882351
T0203,14:50,39.906446,32.882345
T0203,14:55,39.906434,32.882317
T0203,15:00,39.906449,32.882329
T0203,15:05,39.906451,32.882343
T0203,15:10,39.906445,32.882352
T0203,15:15,39.906415,32.882308
T0203,15:20,39.906438,32.882319
T0203,15:25,39.906445,32.882331
